insert into phanLoaiDoTuoi values ('unknown', 0, '=)))');
insert into phanLoaiDoTuoi values ('G', 0, 'Phù hợp với mọi lứa tuổi');
insert into phanLoaiDoTuoi values ('PG', 3, 'Cần có sự hướng dẫn của cha mẹ');
insert into phanLoaiDoTuoi values ('PG-13', 13, 'Trẻ dứoi 13 tuổi cần có người lớn hướng dẫn');
insert into phanLoaiDoTuoi values ('R', 17, 'Hạn chế - Dưới 17 tuổi cần có người lớn đi kèm');
insert into phanLoaiDoTuoi values ('NC-17', 17, 'Cấm trẻ em dưới 17 tuổi xem');


insert into thongTinCaNhan (IDCaNhan, ten, ho, gioiTinh, ngaySinh) 
    values (1, 'Alex',  'Yee', 'male', '11/3/1987');
insert into thongTinCaNhan (IDCaNhan, ten, ho, gioiTinh, ngaySinh) 
    values (48, 'Christian',  'Link', 'male', '11/3/1987');
insert into thongTinCaNhan (IDCaNhan, ten, ho, gioiTinh, ngaySinh) 
    values (2, 'Matt', 'Duffer', 'male', '15/2/1984');
insert into thongTinCaNhan (IDCaNhan, ten, ho, gioiTinh, ngaySinh) 
    values (49, 'Ross', 'Duffer', 'male', '1/1/1984');
insert into thongTinCaNhan (IDCaNhan, ten, ho, gioiTinh, ngaySinh) 
    values (3, 'Joe', 'Wright', 'male', '25/8/1972');
insert into thongTinCaNhan (IDCaNhan, ten, ho, gioiTinh, ngaySinh) 
    values (4, 'Chan Wook', 'Park', 'male', '23/08/1963');
insert into thongTinCaNhan (IDCaNhan, ten, ho, gioiTinh, ngaySinh) 
    values (5, 'Christopher', 'Nolan', 'male', '30/07/1970');
insert into thongTinCaNhan (IDCaNhan, ten, ho, gioiTinh, ngaySinh) 
    values (6, 'Sam', 'Mendes', 'male', '01/08/1965');
insert into thongTinCaNhan (IDCaNhan, ten, ho, gioiTinh, ngaySinh) 
    values (7, 'Taika', 'Waititi', 'male', '16/08/1975');
insert into thongTinCaNhan (IDCaNhan, ten, ho, gioiTinh, ngaySinh) 
    values (8, 'Lana', 'Wachowski', 'female', '21/06/1965');
insert into thongTinCaNhan (IDCaNhan, ten, ho, gioiTinh, ngaySinh) 
    values (50, 'Lilly', 'Wachowski', 'female', '21/06/1965');
insert into thongTinCaNhan (IDCaNhan, ten, ho, gioiTinh, ngaySinh) 
    values (9, 'Martin', 'Scorsese', 'male', '17/11/1942');
insert into thongTinCaNhan (IDCaNhan, ten, ho, gioiTinh, ngaySinh) 
    values (10, 'Denis', 'Villeneuve', 'male', '03/10/1967');
insert into thongTinCaNhan (IDCaNhan, ten, ho, gioiTinh, ngaySinh) 
    values (11, 'Gareth', 'Edwards', 'male', '01/06/1975');
insert into thongTinCaNhan (IDCaNhan, ten, ho, gioiTinh, ngaySinh) 
    values (12, 'David', 'Fincher', 'male', '28/08/1962');
insert into thongTinCaNhan (IDCaNhan, ten, ho, gioiTinh, ngaySinh) 
    values (13, 'Steven', 'Spielberg', 'male', '18/12/1946');
insert into thongTinCaNhan (IDCaNhan, ten, ho, gioiTinh, ngaySinh) 
    values (14, 'Matt', 'Reeves', 'male', '27/04/1966');
insert into thongTinCaNhan (IDCaNhan, ten, ho, gioiTinh, ngaySinh) 
    values (15, 'Mark', 'Herman', 'male', '01/04/1954');
insert into thongTinCaNhan (IDCaNhan, ten, ho, gioiTinh, ngaySinh)
	values (16, 'Joon Ho', 'Bong', 'male', '14/09/1969');
insert into thongTinCaNhan (IDCaNhan, ten, ho, gioiTinh, ngaySinh)
	values (17, 'Daniel', 'Kwan', 'male', '10/02/1988');
insert into thongTinCaNhan (IDCaNhan, ten, ho, gioiTinh, ngaySinh)
	values (51, 'Daniel', 'Scheinert', 'male', '8/02/1988');
insert into thongTinCaNhan (IDCaNhan, ten, ho, gioiTinh, ngaySinh)
	values (18, 'Peter', 'Jackson', 'male', '31/10/1961');
insert into thongTinCaNhan (IDCaNhan, ten, ho, gioiTinh, ngaySinh)
	values (19, 'Chris', 'Columbus', 'male', '10/09/1958');
insert into thongTinCaNhan (IDCaNhan, ten, ho, gioiTinh, ngaySinh)
	values (20, 'Alfonso', 'Cuarón', 'male', '28/11/1961');
insert into thongTinCaNhan (IDCaNhan, ten, ho, gioiTinh, ngaySinh)
	values (21, 'Mike', 'Newell', 'male', '28/03/1942');
insert into thongTinCaNhan (IDCaNhan, ten, ho, gioiTinh, ngaySinh)
	values (22, 'David', 'Yates', 'male', '08/10/1963');
insert into thongTinCaNhan (IDCaNhan, ten, ho, gioiTinh, ngaySinh)
	values (23, 'Wes', 'Ball', 'male', '28/10/1980');
insert into thongTinCaNhan (IDCaNhan, ten, ho, gioiTinh, ngaySinh)
	values (24, 'Quentin', 'Tarantino', 'male', '27/03/1963');
insert into thongTinCaNhan (IDCaNhan, ten, ho, gioiTinh, ngaySinh)
	values (25, 'Matthijs', 'van Heijningen Jr.', 'male', '26/07/1965');
insert into thongTinCaNhan (IDCaNhan, ten, ho, gioiTinh, ngaySinh)
	values (26, 'Peter', 'Spierig', 'male', '29/04/1976');
insert into thongTinCaNhan (IDCaNhan, ten, ho, gioiTinh, ngaySinh)
	values (52, 'Michael', 'Spierig', 'male', '29/04/1976');
insert into thongTinCaNhan (IDCaNhan, ten, ho, gioiTinh, ngaySinh)
	values (46, 'Colin', 'Trevorrow', 'male', '13/09/1976');
insert into thongTinCaNhan (IDCaNhan, ten, ho, gioiTinh, ngaySinh)
	values (47, 'James', 'Gunn', 'male', '5/8/1966');
insert into thongTinCaNhan (IDCaNhan, ten, ho, gioiTinh, ngaySinh)
	values (53, 'Anthony', 'Russo', 'male', '3/2/1970');
insert into thongTinCaNhan (IDCaNhan, ten, ho, gioiTinh, ngaySinh)
	values (54, 'Joe', 'Russo', 'male', '18/7/1971');
insert into thongTinCaNhan (IDCaNhan, ten, ho, gioiTinh, ngaySinh)
	values (55, 'Luca', 'Guadagnino', 'male', '10/8/1971');
insert into thongTinCaNhan (IDCaNhan, ten, ho, gioiTinh, ngaySinh)
	values (56, 'John', 'Krasinski', 'male', '20/10/1979');
insert into thongTinCaNhan (IDCaNhan, ten, ho, gioiTinh, ngaySinh)
	values (57, 'Tom', 'Hooper', 'male', '5/10/1972');


insert into studio (studioID, tenStudio, diaChi, quocGia, namThanhLap)
	values (1, 'Fortiche', '100 avenue de France, 75013 Paris, France', 'France', 2009);
insert into studio (studioID, tenStudio, diaChi, quocGia, namThanhLap)
	values (2, 'Monkey Massacre Production', '2000 Avenue of the Stars, 3rd Floor, North Tower, Los Angeles, CA, 90067, USA', 'USA', 2012);
insert into studio (studioID, tenStudio, diaChi, quocGia, namThanhLap)
	values (3, 'Show East', '10F New Seoul Bldg., 618-3 Sinsa-dong, Kangnam-gu, Seoul 135-894, Korea', 'South Korea', 1996);
insert into studio (studioID, tenStudio, diaChi, quocGia, namThanhLap)
	values (5, 'Warner Bros. Pictures', 'Burbank, California', 'USA', 1923);
insert into studio (studioID, tenStudio, diaChi, quocGia, namThanhLap)
	values (6, 'DreamWorks Pictures', 'Universal City, California', 'USA', 1994);
insert into studio (studioID, tenStudio, diaChi, quocGia, namThanhLap)
	values (7, 'Fox Searchlight Pictures', '10201 West Pico Boulevard, Century City, Los Angeles, California', 'USA', 1994);
insert into studio (studioID, tenStudio, diaChi, quocGia, namThanhLap)
	values (8, 'Anarchos Productions', default, 'USA', 2008);
insert into studio (studioID, tenStudio, diaChi, quocGia, namThanhLap)
	values (9, 'Elizabeth Bay Productions', default, 'USA', 1997);
insert into studio (studioID, tenStudio, diaChi, quocGia, namThanhLap)
    values (10, 'Paramount Pictures', 'Culver City, California' , 'USA', 1912);
insert into studio (studioID, tenStudio, diaChi, quocGia, namThanhLap)
	values (11, 'Alcon Entertainment', 'California' , 'USA', 1997);
insert into studio (studioID, tenStudio, diaChi, quocGia, namThanhLap)
	values (12, 'Legendary Pictures', '2900 Olympic Blvd, Santa Monica, California' , 'USA', 2000);
insert into studio (studioID, tenStudio, diaChi, quocGia, namThanhLap)
	values (13, '20th Century Fox', '10201 Pico Blvd, Century City, Los Angeles, California' , 'USA', 1935);
insert into studio (studioID, tenStudio, diaChi, quocGia, namThanhLap)
	values (14, 'Bad Robot Productions', '1221 Olympic Blvd, Santa Monica, California' , 'USA', 2001);
insert into studio (studioID, tenStudio, diaChi, quocGia, namThanhLap)
	values (15, 'Miramax Films', '375 Greenwich Street, New York' , 'USA', 1979);
insert into studio (studioID, tenStudio, diaChi, quocGia, namThanhLap)
	values (16, 'CJ Entertainment', 'Gangnam, Seoul' , 'South Korea', 1995);
insert into studio (studioID, tenStudio, diaChi, quocGia, namThanhLap)
	values (17, 'A24', '31 West 27th Street, New York, NY 10001', 'USA', 2012);
insert into studio (studioID, tenStudio, diaChi, quocGia, namThanhLap)
	values (18, 'New Line Cinema', 'Los Angeles, California', 'USA', 1967);
insert into studio (studioID, tenStudio, diaChi, quocGia, namThanhLap)
	values (19, 'Universal Pictures', '100 Universal City Plaza, Universal City, CA 91608', 'USA', 1912);
insert into studio (studioID, tenStudio, diaChi, quocGia, namThanhLap)
	values (20, 'Sony Pictures Worldwide Acquisitions', 'Culver City, California', 'USA', 2007);
insert into studio (studioID, tenStudio, diaChi, quocGia, namThanhLap)
	values (21, 'Marvel Studios', '500 S. Buena Vista Street, Burbank, California', 'USA', 1993);

------------------------------------------------------------------------------------------------------

insert into film (IDFilm, tenFilm, loai, soTap, thoiLuong, theLoai, ngonNgu, quocGia, rating, ngayPhatHanh, nganSach, doanhThu, ageRating, studioID) 
    values (1, 'Arcane SS1', 'TV Series', 9, 40, 'Fantasy + Sci-Fi + Steampunk', 'English', 'USA', 9.0, '06/11/2021', 120000000, 60000000, 'PG-13', 1);
insert into film (IDFilm, tenFilm, loai, soTap, thoiLuong, theLoai, ngonNgu, quocGia, rating, ngayPhatHanh, nganSach, doanhThu, ageRating, studioID) 
	values (2, 'Arcane SS2', 'TV Series', 9, 40, 'Fantasy + Sci-Fi + Steampunk', 'English', 'USA', 9.0, '09/11/2024', 130000000, 70000000, 'PG-13', 1);
insert into film (IDFilm, tenFilm, loai, soTap, thoiLuong, theLoai, ngonNgu, quocGia, rating, ngayPhatHanh, nganSach, doanhThu, ageRating, studioID) 
	values (3, 'Stranger Things SS1', 'TV Series', 8, 50, 'Fantasy + Sci-Fi', 'English', 'USA', 8.6, '15/07/2016', 48000000, 50000000, 'PG-13', 2);
insert into film (IDFilm, tenFilm, loai, soTap, thoiLuong, theLoai, ngonNgu, quocGia, rating, ngayPhatHanh, nganSach, doanhThu, ageRating, studioID) 
	values (4, 'Stranger Things SS2', 'TV Series', 9, 53, 'Fantasy + Sci-Fi', 'English', 'USA', 8.6, '27/10/2017', 72000000, 80000000, 'PG-13', 2);
insert into film (IDFilm, tenFilm, loai, soTap, thoiLuong, theLoai, ngonNgu, quocGia, rating, ngayPhatHanh, nganSach, doanhThu, ageRating, studioID) 
	values (5, 'Stranger Things SS3', 'TV Series', 8, 55, 'Fantasy + Sci-Fi', 'English + Russian', 'USA', 8.6, '04/07/2019', 73000000, 90000000, 'PG-13', 2);
insert into film (IDFilm, tenFilm, loai, soTap, thoiLuong, theLoai, ngonNgu, quocGia, rating, ngayPhatHanh, nganSach, doanhThu, ageRating, studioID) 
	values (6, 'Stranger Things SS4', 'TV Series', 9, 60, 'Fantasy + Sci-Fi', 'English', 'USA', 8.6, '27/05/2022', 270000000, 380000000, 'PG-13', 2);
insert into film (IDFilm, tenFilm, loai, soTap, thoiLuong, theLoai, ngonNgu, quocGia, rating, ngayPhatHanh, nganSach, doanhThu, ageRating, studioID) 
	values (7, 'Atonement', 'Movies', 1, 123, 'Romantic + War', 'English', 'USA', 7.8, '29/08/2007',30000000, 129266061, 'R', null);
insert into film (IDFilm, tenFilm, loai, soTap, thoiLuong, theLoai, ngonNgu, quocGia, rating, ngayPhatHanh, nganSach, doanhThu, ageRating, studioID) 
	values (8, 'Old Boy', 'Movies', 1, 120, 'Action', 'Korean', 'South Korea', 8.3, '21/11/2003',3000000, 15000000, 'NC-17', 3);
insert into film (IDFilm, tenFilm, loai, soTap, thoiLuong, theLoai, ngonNgu, quocGia, rating, ngayPhatHanh, nganSach, doanhThu, ageRating, studioID) 
	values (9, 'Inception', 'Movies', 1, 148, 'Action + Sci-Fi', 'English', 'USA', 8.8, '06/08/2010',160000000, 840000000, 'PG', 12);
insert into film (IDFilm, tenFilm, loai, soTap, thoiLuong, theLoai, ngonNgu, quocGia, rating, ngayPhatHanh, nganSach, doanhThu, ageRating, studioID) 
	values (10, 'Interstellar', 'Movies', 1, 169, 'Action + Sci-Fi', 'English', 'USA', 8.7, '07/11/2014',165000000, 677500000, 'PG', 12);
insert into film (IDFilm, tenFilm, loai, soTap, thoiLuong, theLoai, ngonNgu, quocGia, rating, ngayPhatHanh, nganSach, doanhThu, ageRating, studioID) 
	values (11, 'Dunkirk', 'Movies', 1, 106, 'Action + War', 'English', 'USA', 7.8, '21/07/2017',100000000, 526900000, 'R', 5);
insert into film (IDFilm, tenFilm, loai, soTap, thoiLuong, theLoai, ngonNgu, quocGia, rating, ngayPhatHanh, nganSach, doanhThu, ageRating, studioID) 
	values (12, '1917', 'Movies', 1, 119, 'Action + War', 'English', 'USA', 8.2, '25/12/2019',95000000, 384900000, 'R', 6);
insert into film (IDFilm, tenFilm, loai, soTap, thoiLuong, theLoai, ngonNgu, quocGia, rating, ngayPhatHanh, nganSach, doanhThu, ageRating, studioID) 
	values (13, 'JoJo Rabbit', 'Movies', 1, 119, 'Comedy + War', 'English + German', 'USA', 7.9, '18/10/2019',14000000, 93600000, 'PG-13', 7);
insert into film (IDFilm, tenFilm, loai, soTap, thoiLuong, theLoai, ngonNgu, quocGia, rating, ngayPhatHanh, nganSach, doanhThu, ageRating, studioID) 
	values (14, 'Sense 8 SS1', 'TV Series', 12, 60, 'Action + Sci-Fi', 'Enlish + Multilanguage', 'USA', 8.2, '05/06/2015',120000000, 90000000, 'R', 8);
insert into film (IDFilm, tenFilm, loai, soTap, thoiLuong, theLoai, ngonNgu, quocGia, rating, ngayPhatHanh, nganSach, doanhThu, ageRating, studioID) 
	values (15, 'Sense 8 SS2', 'TV Series', 12, 60, 'Action + Sci-Fi', 'Enlish + Multilanguage', 'USA', 8.2, '05/05/2017',110000000, 78000000, 'R', 9);
insert into film (IDFilm, tenFilm, loai, soTap, thoiLuong, theLoai, ngonNgu, quocGia, rating, ngayPhatHanh, nganSach, doanhThu, ageRating, studioID) 
	values (16, 'Shutter Island', 'Movies', 1, 138, 'Thriller', 'English', 'USA', 8.2, '19/02/2010', 80000000, 295000000, 'R', 10);
insert into film (IDFilm, tenFilm, loai, soTap, thoiLuong, theLoai, ngonNgu, quocGia, rating, ngayPhatHanh, nganSach, doanhThu, ageRating, studioID) 
	values (17, 'Blade Runner 2049', 'Movies', 1, 163, 'Sci-Fi + Cyberpunk', 'English', 'USA', 8.0, '06/10/2017', 185000000, 277900000, 'R', 11);
insert into film (IDFilm, tenFilm, loai, soTap, thoiLuong, theLoai, ngonNgu, quocGia, rating, ngayPhatHanh, nganSach, doanhThu, ageRating, studioID) 
	values (18, 'Godzilla', 'Movies', 1, 123, 'Sci-Fi + Action', 'English', 'USA', 6.4, '16/05/2014', 160000000, 529100000, 'PG-13', 12);
insert into film (IDFilm, tenFilm, loai, soTap, thoiLuong, theLoai, ngonNgu, quocGia, rating, ngayPhatHanh, nganSach, doanhThu, ageRating, studioID) 
	values (19, 'Gone Girl', 'Movies', 1, 149, 'Drama + Thriller', 'English', 'USA', 8.1, '03/10/2014', 61000000, 370900000, 'R', 13);
insert into film (IDFilm, tenFilm, loai, soTap, thoiLuong, theLoai, ngonNgu, quocGia, rating, ngayPhatHanh, nganSach, doanhThu, ageRating, studioID) 
	values (20, 'Ready Player One', 'Movies', 1, 140, 'Sci-Fi + Action + Adventure', 'English', 'USA', 7.4, '29/03/2018', 175000000, 608000000, 'PG-13', 5);
insert into film (IDFilm, tenFilm, loai, soTap, thoiLuong, theLoai, ngonNgu, quocGia, rating, ngayPhatHanh, nganSach, doanhThu, ageRating, studioID) 
	values (21, 'Cloverfield', 'Movies', 1, 85, 'Found-Footage + Sci-Fi + Horror + Action', 'English', 'USA', 7.0, '18/01/2008', 30000000, 172000000, 'PG-13', 14);
insert into film (IDFilm, tenFilm, loai, soTap, thoiLuong, theLoai, ngonNgu, quocGia, rating, ngayPhatHanh, nganSach, doanhThu, ageRating, studioID) 
	values (22, 'The boy in the striped pyjamas', 'Movies', 1, 94, 'War + Drama + Historical', 'English + German', 'UK', 7.7, '12/09/2008', 12500000, 44100000, 'PG-13', 15);
insert into film (IDFilm, tenFilm, loai, soTap, thoiLuong, theLoai, ngonNgu, quocGia, rating, ngayPhatHanh, nganSach, doanhThu, ageRating, studioID) 
	values (23, 'Memories of murder', 'Movies', 1, 131, 'Crime + Thriller', 'Korean', 'South Korea', 8.1, '02/05/2003', 2800000, 1210000, 'R', 16);
insert into film (IDFilm, tenFilm, loai, soTap, thoiLuong, theLoai, ngonNgu, quocGia, rating, ngayPhatHanh, nganSach, doanhThu, ageRating, studioID) 
	values (24, 'Everything Everywhere All at Once', 'Movies', 1, 139, 'Drama + Sci-Fi', 'English', 'USA', 7.9, '11/03/2022', 25000000, 143000000, 'R', 17);
insert into film (IDFilm, tenFilm, loai, soTap, thoiLuong, theLoai, ngonNgu, quocGia, rating, ngayPhatHanh, nganSach, doanhThu, ageRating, studioID) 
	values (25, 'The Lord of the Rings: The Fellowship of the Ring', 'Movies', 1, 178, 'Fantasy + Adventure', 'English', 'USA', 8.8, '19/12/2001', 93000000, 897700000, 'PG-13', 18);
insert into film (IDFilm, tenFilm, loai, soTap, thoiLuong, theLoai, ngonNgu, quocGia, rating, ngayPhatHanh, nganSach, doanhThu, ageRating, studioID) 
	values (26, 'The Lord of the Rings: The Two Towers', 'Movies', 1, 179, 'Fantasy + Adventure', 'English', 'USA', 8.8, '18/12/2002', 94000000, 947000000, 'PG-13', 18);
insert into film (IDFilm, tenFilm, loai, soTap, thoiLuong, theLoai, ngonNgu, quocGia, rating, ngayPhatHanh, nganSach, doanhThu, ageRating, studioID) 
	values (27, 'The Lord of the Rings: The Return of the King', 'Movies', 1, 201, 'Fantasy + Adventure', 'English', 'USA', 9.0, '17/12/2003', 94000000, 1146000000, 'PG-13', 18);
insert into film (IDFilm, tenFilm, loai, soTap, thoiLuong, theLoai, ngonNgu, quocGia, rating, ngayPhatHanh, nganSach, doanhThu, ageRating, studioID) 
	values (28, 'Harry Potter and the Philosopher''s Stone', 'Movies', 1, 152, 'Fantasy + Adventure', 'English', 'USA', 7.6, '16/11/2001', 125000000, 974800000, 'PG', 5);
insert into film (IDFilm, tenFilm, loai, soTap, thoiLuong, theLoai, ngonNgu, quocGia, rating, ngayPhatHanh, nganSach, doanhThu, ageRating, studioID) 
	values (29, 'Harry Potter and the Chamber of Secrets', 'Movies', 1, 161, 'Fantasy + Adventure', 'English', 'USA', 7.4, '15/11/2002', 100000000, 879500000, 'PG', 5);
insert into film (IDFilm, tenFilm, loai, soTap, thoiLuong, theLoai, ngonNgu, quocGia, rating, ngayPhatHanh, nganSach, doanhThu, ageRating, studioID) 
	values (30, 'Harry Potter and the Prisoner of Azkaban', 'Movies', 1, 142, 'Fantasy + Adventure', 'English', 'USA', 7.9, '04/06/2004', 130000000, 789500000, 'PG', 5);
insert into film (IDFilm, tenFilm, loai, soTap, thoiLuong, theLoai, ngonNgu, quocGia, rating, ngayPhatHanh, nganSach, doanhThu, ageRating, studioID) 
	values (31, 'Harry Potter and the Goblet of Fire', 'Movies', 1, 157, 'Fantasy + Adventure', 'English', 'USA', 7.7, '18/11/2005', 150000000, 896400000, 'PG-13', 5);
insert into film (IDFilm, tenFilm, loai, soTap, thoiLuong, theLoai, ngonNgu, quocGia, rating, ngayPhatHanh, nganSach, doanhThu, ageRating, studioID) 
	values (32, 'Harry Potter and the Order of the Phoenix', 'Movies', 1, 138, 'Fantasy + Adventure', 'English', 'USA', 7.5, '11/07/2007', 150000000, 940000000, 'PG-13', 5);
insert into film (IDFilm, tenFilm, loai, soTap, thoiLuong, theLoai, ngonNgu, quocGia, rating, ngayPhatHanh, nganSach, doanhThu, ageRating, studioID) 
	values (33, 'Harry Potter and the Half-Blood Prince', 'Movies', 1, 153, 'Fantasy + Adventure', 'English', 'USA', 7.6, '15/07/2009', 250000000, 934500000, 'PG', 5);
insert into film (IDFilm, tenFilm, loai, soTap, thoiLuong, theLoai, ngonNgu, quocGia, rating, ngayPhatHanh, nganSach, doanhThu, ageRating, studioID) 
	values (34, 'Harry Potter and the Deathly Hallows: Part 1', 'Movies', 1, 146, 'Fantasy + Adventure', 'English', 'USA', 7.7, '19/11/2010', 250000000, 976900000, 'PG-13', 5);
insert into film (IDFilm, tenFilm, loai, soTap, thoiLuong, theLoai, ngonNgu, quocGia, rating, ngayPhatHanh, nganSach, doanhThu, ageRating, studioID) 
	values (35, 'Harry Potter and the Deathly Hallows: Part 2', 'Movies', 1, 130, 'Fantasy + Adventure', 'English', 'USA', 8.1, '15/07/2011', 250000000, 1342000000, 'PG-13', 5);
insert into film (IDFilm, tenFilm, loai, soTap, thoiLuong, theLoai, ngonNgu, quocGia, rating, ngayPhatHanh, nganSach, doanhThu, ageRating, studioID) 
	values (36, 'The Maze Runner', 'Movies', 1, 113, 'Sci-Fi + Action', 'English', 'USA', 6.8, '19/09/2014', 34000000, 348300000, 'PG-13', 13);
insert into film (IDFilm, tenFilm, loai, soTap, thoiLuong, theLoai, ngonNgu, quocGia, rating, ngayPhatHanh, nganSach, doanhThu, ageRating, studioID) 
	values (37, 'Maze Runner: The Scorch Trials', 'Movies', 1, 131, 'Sci-Fi + Action', 'English', 'USA', 6.3, '18/09/2015', 61000000, 312300000, 'PG-13', 13);
insert into film (IDFilm, tenFilm, loai, soTap, thoiLuong, theLoai, ngonNgu, quocGia, rating, ngayPhatHanh, nganSach, doanhThu, ageRating, studioID) 
	values (38, 'Maze Runner: The Death Cure', 'Movies', 1, 143, 'Sci-Fi + Action', 'English', 'USA', 6.2, '26/01/2018', 62000000, 288200000, 'PG-13', 13);
insert into film (IDFilm, tenFilm, loai, soTap, thoiLuong, theLoai, ngonNgu, quocGia, rating, ngayPhatHanh, nganSach, doanhThu, ageRating, studioID) 
	values (39, 'Inglourious Basterds', 'Movies', 1, 153, 'War + Drama', 'English + German + French + Italian', 'USA', 8.3, '21/08/2009', 70000000, 321500000, 'R', 19);
insert into film (IDFilm, tenFilm, loai, soTap, thoiLuong, theLoai, ngonNgu, quocGia, rating, ngayPhatHanh, nganSach, doanhThu, ageRating, studioID) 
	values (40, 'The Thing', 'Movies', 1, 103, 'Horror + Sci-Fi + Mystery', 'English', 'USA', 6.2, '14/10/2011', 38000000, 31000000, 'R', 19);
insert into film (IDFilm, tenFilm, loai, soTap, thoiLuong, theLoai, ngonNgu, quocGia, rating, ngayPhatHanh, nganSach, doanhThu, ageRating, studioID) 
	values (41, 'Predestination', 'Movies', 1, 97, 'Sci-Fi + Thriller + Mystery', 'English', 'USA', 7.4, '28/08/2014', 5000000, 4700000, 'R', 20);
insert into film (IDFilm, tenFilm, loai, soTap, thoiLuong, theLoai, ngonNgu, quocGia, rating, ngayPhatHanh, nganSach, doanhThu, ageRating, studioID) 
	values (42, 'Jurassic World', 'Movies', 1, 124, 'Action + Adventure + Sci-Fi', 'English', 'USA', 6.9, '12/06/2015', 150000000, 1671000000, 'PG-13', 5);
insert into film (IDFilm, tenFilm, loai, soTap, thoiLuong, theLoai, ngonNgu, quocGia, rating, ngayPhatHanh, nganSach, doanhThu, ageRating, studioID) 
	values (43, 'Guardians of the Galaxy', 'Movies', 1, 121, 'Action + Adventure + Sci-Fi', 'English', 'USA', 8.0, '01/08/2014', 170000000, 773000000, 'PG-13', 21);
insert into film (IDFilm, tenFilm, loai, soTap, thoiLuong, theLoai, ngonNgu, quocGia, rating, ngayPhatHanh, nganSach, doanhThu, ageRating, studioID) 
	values (44, 'Avengers: Infinity War', 'Movies', 1, 149, 'Action + Adventure + Sci-Fi', 'English', 'USA', 8.4, '27/04/2018', 325000000, 2048000000, 'PG-13', 21);
insert into film (IDFilm, tenFilm, loai, soTap, thoiLuong, theLoai, ngonNgu, quocGia, rating, ngayPhatHanh, nganSach, doanhThu, ageRating, studioID) 
	values (45, 'Avengers: Endgame', 'Movies', 1, 181, 'Action + Adventure + Sci-Fi', 'English', 'USA', 8.4, '26/04/2019', 356000000, 2798000000, 'PG-13', 21);
insert into film (IDFilm, tenFilm, loai, soTap, thoiLuong, theLoai, ngonNgu, quocGia, rating, ngayPhatHanh, nganSach, doanhThu, ageRating, studioID) 
	values (46, 'Call Me by Your Name', 'Movies', 1, 132, 'Drama + Romance', 'English', 'Italy + France + USA', 7.8, '22/01/2017', 3500000, 41800000, 'R', 16);
insert into film (IDFilm, tenFilm, loai, soTap, thoiLuong, theLoai, ngonNgu, quocGia, rating, ngayPhatHanh, nganSach, doanhThu, ageRating, studioID) 
	values (47, 'A Quiet Place', 'Movies', 1, 90, 'Horror + Drama + Sci-Fi', 'English', 'USA', 7.5, '06/04/2018', 17000000, 341000000, 'PG-13', 5);
insert into film (IDFilm, tenFilm, loai, soTap, thoiLuong, theLoai, ngonNgu, quocGia, rating, ngayPhatHanh, nganSach, doanhThu, ageRating, studioID) 
	values (48, 'A Quiet Place Part II', 'Movies', 1, 97, 'Horror + Drama + Sci-Fi', 'English', 'USA', 7.2, '28/05/2021', 61000000, 297000000, 'PG-13', 5);
insert into film (IDFilm, tenFilm, loai, soTap, thoiLuong, theLoai, ngonNgu, quocGia, rating, ngayPhatHanh, nganSach, doanhThu, ageRating, studioID) 
	values (49, 'The Danish Girl', 'Movies', 1, 120, 'Biography + Drama + Romance', 'English', 'UK', 7.1, '27/11/2015', 15000000, 64000000, 'R', 14);
insert into film (IDFilm, tenFilm, loai, soTap, thoiLuong, theLoai, ngonNgu, quocGia, rating, ngayPhatHanh, nganSach, doanhThu, ageRating, studioID) 
	values (50, 'War of the Worlds', 'Movies', 1, 116, 'Action + Adventure + Sci-Fi', 'English', 'USA', 6.5, '29/06/2005', 132000000, 603900000, 'PG-13', 5);

------------------------------------------------------------------------------------------------------

insert into daoDien values (1, 1);
insert into daoDien values (1, 48);
insert into daoDien values (2, 1);
insert into daoDien values (2, 48);
insert into daoDien values (3, 2);
insert into daoDien values (3, 49);
insert into daoDien values (4, 2);
insert into daoDien values (4, 49);
insert into daoDien values (5, 2);
insert into daoDien values (5, 49);
insert into daoDien values (6, 2);
insert into daoDien values (6, 49);
insert into daoDien values (7, 3);
insert into daoDien values (8, 4);
insert into daoDien values (9, 5);
insert into daoDien values (10, 5);
insert into daoDien values (11, 5);
insert into daoDien values (12, 6);
insert into daoDien values (13, 7);
insert into daoDien values (14, 8);
insert into daoDien values (14, 50);
insert into daoDien values (15, 8);
insert into daoDien values (15, 50);
insert into daoDien values (16, 9);
insert into daoDien values (17, 10);
insert into daoDien values (18, 11);
insert into daoDien values (19, 12);
insert into daoDien values (20, 13);
insert into daoDien values (21, 14);
insert into daoDien values (22, 15);
insert into daoDien values (23, 16);
insert into daoDien values (24, 17);
insert into daoDien values (24, 51);
insert into daoDien values (25, 18);
insert into daoDien values (26, 18);
insert into daoDien values (27, 18);
insert into daoDien values (28, 19);
insert into daoDien values (29, 19);
insert into daoDien values (30, 20);
insert into daoDien values (31, 21);
insert into daoDien values (32, 22);
insert into daoDien values (33, 22);
insert into daoDien values (34, 22);
insert into daoDien values (35, 22);
insert into daoDien values (36, 23);
insert into daoDien values (37, 23);
insert into daoDien values (38, 23);
insert into daoDien values (39, 24);
insert into daoDien values (40, 25);
insert into daoDien values (41, 26);
insert into daoDien values (41, 52);
insert into daoDien values (42, 46);
insert into daoDien values (43, 47);
insert into daoDien values (44, 48);
insert into daoDien values (44, 49);
insert into daoDien values (45, 48); 
insert into daoDien values (45, 49);
insert into daoDien values (46, 55);
insert into daoDien values (47, 56);
insert into daoDien values (48, 56);
insert into daoDien values (49, 57);
insert into daoDien values (50, 13);

--------------------------------------------------------------------------------------------

insert into thongTinCaNhan (IDCaNhan, ten, ho, gioiTinh, ngaySinh)
	values (58, 'Ella', 'Purnell', 'female', '17/9/1996');
insert into thongTinCaNhan (IDCaNhan, ten, ho, gioiTinh, ngaySinh)
	values (59, 'Kevin', 'Alejandro', 'male', '7/4/1976');
insert into thongTinCaNhan (IDCaNhan, ten, ho, gioiTinh, ngaySinh)
	values (60, 'Harry', 'LLoyd', 'male', '17/11/1983');
insert into thongTinCaNhan (IDCaNhan, ten, ho, gioiTinh, ngaySinh)
	values (61, 'Katie', 'Leung', 'female', '8/8/1987');


insert into nhanVat (IDNhanVat, tenNhanVat, gioiTinh, IDDienVien, IDFilm)
	values (1, 'Jinx', 'female', 58, 1);
insert into nhanVat (IDNhanVat, tenNhanVat, gioiTinh, IDDienVien, IDFilm)
	values (2, 'Jayce Talis', 'male', 59, 1);
insert into nhanVat (IDNhanVat, tenNhanVat, gioiTinh, IDDienVien, IDFilm)
	values (3, 'Viktor', 'male', 60, 1);
insert into nhanVat (IDNhanVat, tenNhanVat, gioiTinh, IDDienVien, IDFilm)
	values (4, 'Caitlyn', 'female', 61, 1);
insert into nhanVat (IDNhanVat, tenNhanVat, gioiTinh, IDDienVien, IDFilm)
	values (1, 'Jinx', 'female', 58, 2);
insert into nhanVat (IDNhanVat, tenNhanVat, gioiTinh, IDDienVien, IDFilm)
	values (2, 'Jayce Talis', 'male', 59, 2);
insert into nhanVat (IDNhanVat, tenNhanVat, gioiTinh, IDDienVien, IDFilm)
	values (3, 'Viktor', 'male', 60, 2);
insert into nhanVat (IDNhanVat, tenNhanVat, gioiTinh, IDDienVien, IDFilm)
	values (4, 'Caitlyn', 'female', 61, 2);



insert into thongTinCaNhan (IDCaNhan, ten, ho, gioiTinh, ngaySinh)
	values (62, 'Finn', 'Wolfhard', 'male', '23/12/2002');
insert into thongTinCaNhan (IDCaNhan, ten, ho, gioiTinh, ngaySinh)
	values (63, 'Millie', 'Bobby Brown', 'female', '19/2/2004');
insert into thongTinCaNhan (IDCaNhan, ten, ho, gioiTinh, ngaySinh)
	values (64, 'Caleb', 'McLaughlin', 'male', '13/10/2001');
insert into thongTinCaNhan (IDCaNhan, ten, ho, gioiTinh, ngaySinh)
	values (65, 'Sadie', 'Sink', 'female', '16/4/2002');
insert into thongTinCaNhan (IDCaNhan, ten, ho, gioiTinh, ngaySinh)
	values (66, 'Gaten', 'Matarazzo', 'male', '8/9/2002');
insert into thongTinCaNhan (IDCaNhan, ten, ho, gioiTinh, ngaySinh)
	values (67, 'Noah', 'Schnapp', 'male', '3/10/2004');          


insert into nhanVat (IDNhanVat, tenNhanVat, gioiTinh, IDDienVien, IDFilm) values (62, 'Mike Wheeler', 'male', 62, 3);
insert into nhanVat (IDNhanVat, tenNhanVat, gioiTinh, IDDienVien, IDFilm) values (62, 'Mike Wheeler', 'male', 62, 4);
insert into nhanVat (IDNhanVat, tenNhanVat, gioiTinh, IDDienVien, IDFilm) values (62, 'Mike Wheeler', 'male', 62, 5);
insert into nhanVat (IDNhanVat, tenNhanVat, gioiTinh, IDDienVien, IDFilm) values (62, 'Mike Wheeler', 'male', 62, 6);
insert into nhanVat (IDNhanVat, tenNhanVat, gioiTinh, IDDienVien, IDFilm) values (63, 'Eleven', 'female', 63, 3);
insert into nhanVat (IDNhanVat, tenNhanVat, gioiTinh, IDDienVien, IDFilm) values (63, 'Eleven', 'female', 63, 4);
insert into nhanVat (IDNhanVat, tenNhanVat, gioiTinh, IDDienVien, IDFilm) values (63, 'Eleven', 'female', 63, 5);
insert into nhanVat (IDNhanVat, tenNhanVat, gioiTinh, IDDienVien, IDFilm) values (63, 'Eleven', 'female', 63, 6);
insert into nhanVat (IDNhanVat, tenNhanVat, gioiTinh, IDDienVien, IDFilm) values (64, 'Lucas Sinclair', 'male', 64, 3);
insert into nhanVat (IDNhanVat, tenNhanVat, gioiTinh, IDDienVien, IDFilm) values (64, 'Lucas Sinclair', 'male', 64, 4);
insert into nhanVat (IDNhanVat, tenNhanVat, gioiTinh, IDDienVien, IDFilm) values (64, 'Lucas Sinclair', 'male', 64, 5);
insert into nhanVat (IDNhanVat, tenNhanVat, gioiTinh, IDDienVien, IDFilm) values (64, 'Lucas Sinclair', 'male', 64, 6);
insert into nhanVat (IDNhanVat, tenNhanVat, gioiTinh, IDDienVien, IDFilm) values (65, 'Max Mayfield', 'female', 65, 4);
insert into nhanVat (IDNhanVat, tenNhanVat, gioiTinh, IDDienVien, IDFilm) values (65, 'Max Mayfield', 'female', 65, 5);
insert into nhanVat (IDNhanVat, tenNhanVat, gioiTinh, IDDienVien, IDFilm) values (65, 'Max Mayfield', 'female', 65, 6);
insert into nhanVat (IDNhanVat, tenNhanVat, gioiTinh, IDDienVien, IDFilm) values (66, 'Dustin Henderson', 'male', 66, 3);
insert into nhanVat (IDNhanVat, tenNhanVat, gioiTinh, IDDienVien, IDFilm) values (66, 'Dustin Henderson', 'male', 66, 4);
insert into nhanVat (IDNhanVat, tenNhanVat, gioiTinh, IDDienVien, IDFilm) values (66, 'Dustin Henderson', 'male', 66, 5);
insert into nhanVat (IDNhanVat, tenNhanVat, gioiTinh, IDDienVien, IDFilm) values (66, 'Dustin Henderson', 'male', 66, 6);
insert into nhanVat (IDNhanVat, tenNhanVat, gioiTinh, IDDienVien, IDFilm) values (67, 'Will Byers', 'male', 67, 3);
insert into nhanVat (IDNhanVat, tenNhanVat, gioiTinh, IDDienVien, IDFilm) values (67, 'Will Byers', 'male', 67, 4);
insert into nhanVat (IDNhanVat, tenNhanVat, gioiTinh, IDDienVien, IDFilm) values (67, 'Will Byers', 'male', 67, 5);
insert into nhanVat (IDNhanVat, tenNhanVat, gioiTinh, IDDienVien, IDFilm) values (67, 'Will Byers', 'male', 67, 6);



insert into thongTinCaNhan (IDCaNhan, ten, ho, gioiTinh, ngaySinh)
	values (68, 'James', 'McAvoy', 'male', '21/4/1979');
insert into thongTinCaNhan (IDCaNhan, ten, ho, gioiTinh, ngaySinh)
	values (69, 'Keira', 'Knightley', 'female', '26/3/1985');     
insert into thongTinCaNhan (IDCaNhan, ten, ho, gioiTinh, ngaySinh)
	values (70, 'Saoirse', 'Ronan', 'female', '12/4/1994');    


insert into nhanVat (IDNhanVat, tenNhanVat, gioiTinh, IDDienVien, IDFilm) values (7, 'Robbie Turner', 'male', 68, 7);
insert into nhanVat (IDNhanVat, tenNhanVat, gioiTinh, IDDienVien, IDFilm) values (8, 'Cecilia Tallis', 'female', 69, 7);
insert into nhanVat (IDNhanVat, tenNhanVat, gioiTinh, IDDienVien, IDFilm) values (9, 'Briony Tallis', 'female', 70, 7);



insert into thongTinCaNhan (IDCaNhan, ten, ho, gioiTinh, ngaySinh)
	values (71, 'Choi', 'Min-sik', 'male', '30/4/1962');
insert into thongTinCaNhan (IDCaNhan, ten, ho, gioiTinh, ngaySinh)
	values (72, 'Kang', 'Hye-jung', 'female', '4/1/1982');
insert into thongTinCaNhan (IDCaNhan, ten, ho, gioiTinh, ngaySinh)
	values (73, 'Yoo', 'Ji-tae', 'male', '13/4/1976');
insert into thongTinCaNhan (IDCaNhan, ten, ho, gioiTinh, ngaySinh)
	values (74, 'Yoon', 'Jin-seo', 'female', '5/8/1983');


insert into nhanVat (IDNhanVat, tenNhanVat, gioiTinh, IDDienVien, IDFilm) values (10, 'Oh Dae-su', 'male', 71, 8);
insert into nhanVat (IDNhanVat, tenNhanVat, gioiTinh, IDDienVien, IDFilm) values (11, 'Mi-do', 'female', 72, 8);
insert into nhanVat (IDNhanVat, tenNhanVat, gioiTinh, IDDienVien, IDFilm) values (12, 'Lee Woo-jin', 'male', 73, 8);
insert into nhanVat (IDNhanVat, tenNhanVat, gioiTinh, IDDienVien, IDFilm) values (13, 'Lee Soo-ah', 'female', 74, 8);



insert into thongTinCaNhan (IDCaNhan, ten, ho, gioiTinh, ngaySinh)
	values (75, 'Leonardo', 'DiCaprio', 'male', '11/11/1974');
insert into thongTinCaNhan (IDCaNhan, ten, ho, gioiTinh, ngaySinh)
	values (76, 'Joseph', 'Gordon-Levitt', 'male', '17/2/1981');
insert into thongTinCaNhan (IDCaNhan, ten, ho, gioiTinh, ngaySinh)
	values (77, 'Elliot', 'Page', 'male', '21/2/1987');
insert into thongTinCaNhan (IDCaNhan, ten, ho, gioiTinh, ngaySinh)
	values (78, 'Tom', 'Hardy', 'male', '15/9/1977');
insert into thongTinCaNhan (IDCaNhan, ten, ho, gioiTinh, ngaySinh)
	values (79, 'Cillian', 'Murphy', 'male', '25/5/1976');
insert into thongTinCaNhan (IDCaNhan, ten, ho, gioiTinh, ngaySinh)
	values (80, 'Marion', 'Cotillard', 'female', '30/9/1975');
insert into thongTinCaNhan (IDCaNhan, ten, ho, gioiTinh, ngaySinh)
	values (81, 'Ken', 'Watanabe', 'male', '21/10/1959');

insert into nhanVat (IDNhanVat, tenNhanVat, gioiTinh, IDDienVien, IDFilm) values (14, 'Dom Cobb', 'male', 75, 9);
insert into nhanVat (IDNhanVat, tenNhanVat, gioiTinh, IDDienVien, IDFilm) values (15, 'Arthur', 'male', 76, 9);
insert into nhanVat (IDNhanVat, tenNhanVat, gioiTinh, IDDienVien, IDFilm) values (16, 'Ariadne', 'male', 77, 9);
insert into nhanVat (IDNhanVat, tenNhanVat, gioiTinh, IDDienVien, IDFilm) values (17, 'Eames', 'male', 78, 9);
insert into nhanVat (IDNhanVat, tenNhanVat, gioiTinh, IDDienVien, IDFilm) values (18, 'Robert Fischer', 'male', 79, 9);
insert into nhanVat (IDNhanVat, tenNhanVat, gioiTinh, IDDienVien, IDFilm) values (19, 'Mal Cobb', 'female', 80, 9);
insert into nhanVat (IDNhanVat, tenNhanVat, gioiTinh, IDDienVien, IDFilm) values (20, 'Saito', 'male', 81, 9);



insert into thongTinCaNhan (IDCaNhan, ten, ho, gioiTinh, ngaySinh)
	values (82, 'Matthew', 'McConaughey', 'male', '04/11/1969');
insert into thongTinCaNhan (IDCaNhan, ten, ho, gioiTinh, ngaySinh)
	values (83, 'Anne', 'Hathaway', 'female', '12/11/1982');
insert into thongTinCaNhan (IDCaNhan, ten, ho, gioiTinh, ngaySinh)
	values (84, 'Jessica', 'Chastain', 'female', '24/03/1977');
insert into thongTinCaNhan (IDCaNhan, ten, ho, gioiTinh, ngaySinh)
	values (85, 'Michael', 'Caine', 'male', '14/03/1933');
insert into thongTinCaNhan (IDCaNhan, ten, ho, gioiTinh, ngaySinh)
	values (86, 'Matt', 'Damon', 'male', '08/10/1970');
insert into thongTinCaNhan (IDCaNhan, ten, ho, gioiTinh, ngaySinh)
	values (87, 'Casey', 'Affleck', 'male', '12/08/1975');


insert into nhanVat (IDNhanVat, tenNhanVat, gioiTinh, IDDienVien, IDFilm)
	values (21, 'Cooper', 'male', 82, 10);
insert into nhanVat (IDNhanVat, tenNhanVat, gioiTinh, IDDienVien, IDFilm)
	values (22, 'Brand', 'female', 83, 10);
insert into nhanVat (IDNhanVat, tenNhanVat, gioiTinh, IDDienVien, IDFilm)
	values (23, 'Murph', 'female', 84, 10);
insert into nhanVat (IDNhanVat, tenNhanVat, gioiTinh, IDDienVien, IDFilm)
	values (24, 'Professor Brand', 'male', 85, 10);
insert into nhanVat (IDNhanVat, tenNhanVat, gioiTinh, IDDienVien, IDFilm)
	values (25, 'Mann', 'male', 86, 10);
insert into nhanVat (IDNhanVat, tenNhanVat, gioiTinh, IDDienVien, IDFilm)
	values (26, 'Tom Cooper', 'male', 87, 10);



insert into thongTinCaNhan (IDCaNhan, ten, ho, gioiTinh, ngaySinh)
	values (88, 'Fionn', 'Whitehead', 'male', '18/07/1997');
insert into thongTinCaNhan (IDCaNhan, ten, ho, gioiTinh, ngaySinh)
	values (89, 'Tom', 'Glynn-Carney', 'male', '07/02/1995');
insert into thongTinCaNhan (IDCaNhan, ten, ho, gioiTinh, ngaySinh)
	values (90, 'Jack', 'Lowden', 'male', '02/06/1990');
insert into thongTinCaNhan (IDCaNhan, ten, ho, gioiTinh, ngaySinh)
	values (91, 'Harry', 'Styles', 'male', '01/02/1994');
insert into thongTinCaNhan (IDCaNhan, ten, ho, gioiTinh, ngaySinh)
	values (92, 'Aneurin', 'Barnard', 'male', '08/05/1987');
insert into thongTinCaNhan (IDCaNhan, ten, ho, gioiTinh, ngaySinh)
	values (94, 'Mark', 'Rylance', 'male', '18/01/1960');


insert into nhanVat (IDNhanVat, tenNhanVat, gioiTinh, IDDienVien, IDFilm)
	values (27, 'Tommy', 'male', 88, 11);
insert into nhanVat (IDNhanVat, tenNhanVat, gioiTinh, IDDienVien, IDFilm)
	values (28, 'Peter', 'male', 89, 11);
insert into nhanVat (IDNhanVat, tenNhanVat, gioiTinh, IDDienVien, IDFilm)
	values (29, 'Collins', 'male', 90, 11);
insert into nhanVat (IDNhanVat, tenNhanVat, gioiTinh, IDDienVien, IDFilm)
	values (30, 'Alex', 'male', 91, 11);
insert into nhanVat (IDNhanVat, tenNhanVat, gioiTinh, IDDienVien, IDFilm)
	values (31, 'Gibson', 'male', 92, 11);
insert into nhanVat (IDNhanVat, tenNhanVat, gioiTinh, IDDienVien, IDFilm)
	values (32, 'Shivering Soldier', 'male', 79, 11);
insert into nhanVat (IDNhanVat, tenNhanVat, gioiTinh, IDDienVien, IDFilm)
	values (33, 'Mr. Dawson', 'male', 94, 11);
insert into nhanVat (IDNhanVat, tenNhanVat, gioiTinh, IDDienVien, IDFilm)
	values (34, 'Farrier', 'male', 78, 11);



insert into thongTinCaNhan (IDCaNhan, ten, ho, gioiTinh, ngaySinh)
	values (96, 'George', 'MacKay', 'male', '13/03/1992');
insert into thongTinCaNhan (IDCaNhan, ten, ho, gioiTinh, ngaySinh)
	values (97, 'Dean-Charles', 'Chapman', 'male', '07/09/1997');
insert into thongTinCaNhan (IDCaNhan, ten, ho, gioiTinh, ngaySinh)
	values (98, 'Mark', 'Strong', 'male', '05/08/1963');
insert into thongTinCaNhan (IDCaNhan, ten, ho, gioiTinh, ngaySinh)
	values (99, 'Andrew', 'Scott', 'male', '21/10/1976');
insert into thongTinCaNhan (IDCaNhan, ten, ho, gioiTinh, ngaySinh)
	values (100, 'Richard', 'Madden', 'male', '18/06/1986');
insert into thongTinCaNhan (IDCaNhan, ten, ho, gioiTinh, ngaySinh)
	values (101, 'Colin', 'Firth', 'male', '10/09/1960');
insert into thongTinCaNhan (IDCaNhan, ten, ho, gioiTinh, ngaySinh)
	values (102, 'Benedict', 'Cumberbatch', 'male', '19/07/1976');


insert into nhanVat (IDNhanVat, tenNhanVat, gioiTinh, IDDienVien, IDFilm)
	values (35, 'Lance Corporal Schofield', 'male', 96, 12);
insert into nhanVat (IDNhanVat, tenNhanVat, gioiTinh, IDDienVien, IDFilm)
	values (36, 'Lance Corporal Blake', 'male', 97, 12);
insert into nhanVat (IDNhanVat, tenNhanVat, gioiTinh, IDDienVien, IDFilm)
	values (37, 'Captain Smith', 'male', 98, 12);
insert into nhanVat (IDNhanVat, tenNhanVat, gioiTinh, IDDienVien, IDFilm)
	values (38, 'Lieutenant Leslie', 'male', 99, 12);
insert into nhanVat (IDNhanVat, tenNhanVat, gioiTinh, IDDienVien, IDFilm)
	values (39, 'Lieutenant Blake', 'male', 100, 12);
insert into nhanVat (IDNhanVat, tenNhanVat, gioiTinh, IDDienVien, IDFilm)
	values (40, 'General Erinmore', 'male', 101, 12);
insert into nhanVat (IDNhanVat, tenNhanVat, gioiTinh, IDDienVien, IDFilm)
	values (41, 'Colonel Mackenzie', 'male', 102, 12);



insert into thongTinCaNhan (IDCaNhan, ten, ho, gioiTinh, ngaySinh)
	values (103, 'Roman', 'Griffin Davis', 'male', '05/03/2007');
insert into thongTinCaNhan (IDCaNhan, ten, ho, gioiTinh, ngaySinh)
	values (104, 'Thomasin', 'McKenzie', 'female', '26/07/2000');
insert into thongTinCaNhan (IDCaNhan, ten, ho, gioiTinh, ngaySinh)
	values (106, 'Scarlett', 'Johansson', 'female', '22/11/1984');
insert into thongTinCaNhan (IDCaNhan, ten, ho, gioiTinh, ngaySinh)
	values (107, 'Sam', 'Rockwell', 'male', '05/11/1968');
insert into thongTinCaNhan (IDCaNhan, ten, ho, gioiTinh, ngaySinh)
	values (108, 'Rebel', 'Wilson', 'female', '02/03/1980');


insert into nhanVat (IDNhanVat, tenNhanVat, gioiTinh, IDDienVien, IDFilm)
	values (42, 'Jojo Betzler', 'male', 103, 13);
insert into nhanVat (IDNhanVat, tenNhanVat, gioiTinh, IDDienVien, IDFilm)
	values (43, 'Elsa Korr', 'female', 104, 13);
insert into nhanVat (IDNhanVat, tenNhanVat, gioiTinh, IDDienVien, IDFilm)
	values (44, 'Adolf Hitler', 'male', 7, 13);
insert into nhanVat (IDNhanVat, tenNhanVat, gioiTinh, IDDienVien, IDFilm)
	values (45, 'Rosie Betzler', 'female', 106, 13);
insert into nhanVat (IDNhanVat, tenNhanVat, gioiTinh, IDDienVien, IDFilm)
	values (46, 'Captain Klenzendorf', 'male', 107, 13);
insert into nhanVat (IDNhanVat, tenNhanVat, gioiTinh, IDDienVien, IDFilm)
	values (47, 'Fräulein Rahm', 'female', 108, 13);



insert into thongTinCaNhan (IDCaNhan, ten, ho, gioiTinh, ngaySinh)
	values (109, 'Bae', 'Doona', 'female', '11/10/1979');
insert into thongTinCaNhan (IDCaNhan, ten, ho, gioiTinh, ngaySinh)
	values (110, 'Brian J.', 'Smith', 'male', '12/10/1981');
insert into thongTinCaNhan (IDCaNhan, ten, ho, gioiTinh, ngaySinh)
	values (111, 'Jamie', 'Clayton', 'female', '15/01/1978');
insert into thongTinCaNhan (IDCaNhan, ten, ho, gioiTinh, ngaySinh)
	values (112, 'Max', 'Riemelt', 'male', '07/01/1984');
insert into thongTinCaNhan (IDCaNhan, ten, ho, gioiTinh, ngaySinh)
	values (113, 'Miguel Ángel', 'Silvestre', 'male', '06/04/1982');
insert into thongTinCaNhan (IDCaNhan, ten, ho, gioiTinh, ngaySinh)
	values (114, 'Tina', 'Desai', 'female', '24/02/1987');
insert into thongTinCaNhan (IDCaNhan, ten, ho, gioiTinh, ngaySinh)
	values (115, 'Tuppence', 'Middleton', 'female', '21/02/1987');
insert into thongTinCaNhan (IDCaNhan, ten, ho, gioiTinh, ngaySinh)
	values (116, 'Toby', 'Onwumere', 'male', '1/1/1985');


insert into nhanVat (IDNhanVat, tenNhanVat, gioiTinh, IDDienVien, IDFilm)
	values (48, 'Sun Bak', 'female', 109, 14);
insert into nhanVat (IDNhanVat, tenNhanVat, gioiTinh, IDDienVien, IDFilm)
	values (49, 'Will Gorski', 'male', 110, 14);
insert into nhanVat (IDNhanVat, tenNhanVat, gioiTinh, IDDienVien, IDFilm)
	values (50, 'Nomi Marks', 'female', 111, 14);
insert into nhanVat (IDNhanVat, tenNhanVat, gioiTinh, IDDienVien, IDFilm)
	values (51, 'Wolfgang Bogdanow', 'male', 112, 14);
insert into nhanVat (IDNhanVat, tenNhanVat, gioiTinh, IDDienVien, IDFilm)
	values (52, 'Lito Rodriguez', 'male', 113, 14);
insert into nhanVat (IDNhanVat, tenNhanVat, gioiTinh, IDDienVien, IDFilm)
	values (53, 'Kala Dandekar', 'female', 114, 14);
insert into nhanVat (IDNhanVat, tenNhanVat, gioiTinh, IDDienVien, IDFilm)
	values (54, 'Riley Blue', 'female', 115, 14);
insert into nhanVat (IDNhanVat, tenNhanVat, gioiTinh, IDDienVien, IDFilm)
	values (55, 'Capheus', 'male', 116, 14); 

insert into nhanVat (IDNhanVat, tenNhanVat, gioiTinh, IDDienVien, IDFilm)
	values (48, 'Sun Bak', 'female', 109, 15);
insert into nhanVat (IDNhanVat, tenNhanVat, gioiTinh, IDDienVien, IDFilm)
	values (49, 'Will Gorski', 'male', 110, 15);
insert into nhanVat (IDNhanVat, tenNhanVat, gioiTinh, IDDienVien, IDFilm)
	values (50, 'Nomi Marks', 'female', 111, 15);
insert into nhanVat (IDNhanVat, tenNhanVat, gioiTinh, IDDienVien, IDFilm)
	values (51, 'Wolfgang Bogdanow', 'male', 112, 15);
insert into nhanVat (IDNhanVat, tenNhanVat, gioiTinh, IDDienVien, IDFilm)
	values (52, 'Lito Rodriguez', 'male', 113, 15);
insert into nhanVat (IDNhanVat, tenNhanVat, gioiTinh, IDDienVien, IDFilm)
	values (53, 'Kala Dandekar', 'female', 114, 15);
insert into nhanVat (IDNhanVat, tenNhanVat, gioiTinh, IDDienVien, IDFilm)
	values (54, 'Riley Blue', 'female', 115, 15);
insert into nhanVat (IDNhanVat, tenNhanVat, gioiTinh, IDDienVien, IDFilm)
	values (55, 'Capheus', 'male', 116, 15);



insert into thongTinCaNhan (IDCaNhan, ten, ho, gioiTinh, ngaySinh)
	values (118, 'Mark', 'Ruffalo', 'male', '22/11/1967');
insert into thongTinCaNhan (IDCaNhan, ten, ho, gioiTinh, ngaySinh)
	values (119, 'Ben', 'Kingsley', 'male', '31/12/1943');
insert into thongTinCaNhan (IDCaNhan, ten, ho, gioiTinh, ngaySinh)
	values (120, 'Michelle', 'Williams', 'female', '09/09/1980');
insert into thongTinCaNhan (IDCaNhan, ten, ho, gioiTinh, ngaySinh)
	values (121, 'Emily', 'Mortimer', 'female', '06/12/1971');
insert into thongTinCaNhan (IDCaNhan, ten, ho, gioiTinh, ngaySinh)
	values (122, 'Patricia', 'Clarkson', 'female', '29/12/1959');


insert into nhanVat (IDNhanVat, tenNhanVat, gioiTinh, IDDienVien, IDFilm)
	values (56, 'Teddy Daniels', 'male', 75, 16);
insert into nhanVat (IDNhanVat, tenNhanVat, gioiTinh, IDDienVien, IDFilm)
	values (57, 'Chuck Aule', 'male', 118, 16);
insert into nhanVat (IDNhanVat, tenNhanVat, gioiTinh, IDDienVien, IDFilm)
	values (58, 'Dr. Cawley', 'male', 119, 16);
insert into nhanVat (IDNhanVat, tenNhanVat, gioiTinh, IDDienVien, IDFilm)
	values (59, 'Dolores Chanal', 'female', 120, 16);
insert into nhanVat (IDNhanVat, tenNhanVat, gioiTinh, IDDienVien, IDFilm)
	values (60, 'Rachel Solando', 'female', 121, 16);
insert into nhanVat (IDNhanVat, tenNhanVat, gioiTinh, IDDienVien, IDFilm)
	values (61, 'Rachel Solando 2', 'female', 122, 16);



insert into thongTinCaNhan (IDCaNhan, ten, ho, gioiTinh, ngaySinh)
	values (123, 'Ryan', 'Gosling', 'male', '12/11/1980');
insert into nhanVat (IDNhanVat, tenNhanVat, gioiTinh, IDDienVien, IDFilm)
	values (62, 'K', 'male', 123, 17);

insert into thongTinCaNhan (IDCaNhan, ten, ho, gioiTinh, ngaySinh)
	values (124, 'Harrison', 'Ford', 'male', '13/7/1942');
insert into nhanVat (IDNhanVat, tenNhanVat, gioiTinh, IDDienVien, IDFilm)
	values (63, 'Rick Deckard', 'male', 124, 17);

insert into thongTinCaNhan (IDCaNhan, ten, ho, gioiTinh, ngaySinh)
	values (125, 'Sylvia', 'Hoeks', 'female', '1/6/1983');
insert into nhanVat (IDNhanVat, tenNhanVat, gioiTinh, IDDienVien, IDFilm)
	values (64, 'Luv', 'female', 125, 17);

insert into thongTinCaNhan (IDCaNhan, ten, ho, gioiTinh, ngaySinh)
	values (126, 'Ana', 'de Armas', 'female', '30/4/1988');
insert into nhanVat (IDNhanVat, tenNhanVat, gioiTinh, IDDienVien, IDFilm)
	values (65, 'Joi', 'female', 126, 17);

insert into thongTinCaNhan (IDCaNhan, ten, ho, gioiTinh, ngaySinh)
	values (127, 'Jared', 'Leto', 'male', '26/12/1971');
insert into nhanVat (IDNhanVat, tenNhanVat, gioiTinh, IDDienVien, IDFilm)
	values (66, 'Niander Wallace', 'male', 127, 17);



insert into thongTinCaNhan (IDCaNhan, ten, ho, gioiTinh, ngaySinh)
	values (128, 'Aaron', 'Taylor-Johnson', 'male', '13/6/1990');
insert into nhanVat (IDNhanVat, tenNhanVat, gioiTinh, IDDienVien, IDFilm)
	values (67, 'Ford Brody', 'male', 128, 18);


insert into thongTinCaNhan (IDCaNhan, ten, ho, gioiTinh, ngaySinh)
	values (129, 'Elizabeth', 'Olsen', 'female', '16/2/1989');
insert into nhanVat (IDNhanVat, tenNhanVat, gioiTinh, IDDienVien, IDFilm)
	values (68, 'Elle Brody', 'female', 129, 18);

insert into nhanVat (IDNhanVat, tenNhanVat, gioiTinh, IDDienVien, IDFilm)
	values (69, 'Dr. Ishiro Serizawa', 'male', 81, 18);

insert into thongTinCaNhan (IDCaNhan, ten, ho, gioiTinh, ngaySinh)
	values (131, 'Sally', 'Hawkins', 'female', '27/4/1976');
insert into nhanVat (IDNhanVat, tenNhanVat, gioiTinh, IDDienVien, IDFilm)
	values (70, 'Vivienne Graham', 'female', 131, 18);

insert into thongTinCaNhan (IDCaNhan, ten, ho, gioiTinh, ngaySinh)
	values (132, 'Bryan', 'Cranston', 'male', '7/3/1956');
insert into nhanVat (IDNhanVat, tenNhanVat, gioiTinh, IDDienVien, IDFilm)
	values (71, 'Joe Brody', 'male', 132, 18);



insert into thongTinCaNhan (IDCaNhan, ten, ho, gioiTinh, ngaySinh)
	values (133, 'Ben', 'Affleck', 'male', '15/8/1972');
insert into nhanVat (IDNhanVat, tenNhanVat, gioiTinh, IDDienVien, IDFilm)
	values (72, 'Nick Dunne', 'male', 133, 19);

insert into thongTinCaNhan (IDCaNhan, ten, ho, gioiTinh, ngaySinh)
	values (134, 'Rosamund', 'Pike', 'female', '27/1/1979');
insert into nhanVat (IDNhanVat, tenNhanVat, gioiTinh, IDDienVien, IDFilm)
	values (73, 'Amy Dunne', 'female', 134, 19);

insert into thongTinCaNhan (IDCaNhan, ten, ho, gioiTinh, ngaySinh)
	values (135, 'Neil', 'Patrick Harris', 'male', '15/6/1973');
insert into nhanVat (IDNhanVat, tenNhanVat, gioiTinh, IDDienVien, IDFilm)
	values (74, 'Desi Collings', 'male', 135, 19);

insert into thongTinCaNhan (IDCaNhan, ten, ho, gioiTinh, ngaySinh)
	values (136, 'Carrie', 'Coon', 'female', '24/1/1981');
insert into nhanVat (IDNhanVat, tenNhanVat, gioiTinh, IDDienVien, IDFilm)
	values (75, 'Margo Dunne', 'female', 136, 19);

insert into thongTinCaNhan (IDCaNhan, ten, ho, gioiTinh, ngaySinh)
	values (137, 'Tyler', 'Perry', 'male', '13/9/1969');
insert into nhanVat (IDNhanVat, tenNhanVat, gioiTinh, IDDienVien, IDFilm)
	values (76, 'Tanner Bolt', 'male', 137, 19);



insert into thongTinCaNhan (IDCaNhan, ten, ho, gioiTinh, ngaySinh)
	values (138, 'Tye', 'Sheridan', 'male', '11/11/1996');
insert into nhanVat (IDNhanVat, tenNhanVat, gioiTinh, IDDienVien, IDFilm)
	values (77, 'Parzival', 'male', 138, 20);

insert into thongTinCaNhan (IDCaNhan, ten, ho, gioiTinh, ngaySinh)
	values (139, 'Olivia', 'Cooke', 'female', '27/12/1993');
insert into nhanVat (IDNhanVat, tenNhanVat, gioiTinh, IDDienVien, IDFilm)
	values (78, 'Art3mis', 'female', 139, 20);

insert into thongTinCaNhan (IDCaNhan, ten, ho, gioiTinh, ngaySinh)
	values (140, 'Ben', 'Mendelsohn', 'male', '3/4/1969');
insert into nhanVat (IDNhanVat, tenNhanVat, gioiTinh, IDDienVien, IDFilm)
	values (79, 'Nolan Sorrento', 'male', 140, 20);

insert into thongTinCaNhan (IDCaNhan, ten, ho, gioiTinh, ngaySinh)
	values (141, 'Lena', 'Waithe', 'female', '17/5/1984');
insert into nhanVat (IDNhanVat, tenNhanVat, gioiTinh, IDDienVien, IDFilm)
	values (80, 'Aech', 'female', 141, 20);

insert into thongTinCaNhan (IDCaNhan, ten, ho, gioiTinh, ngaySinh)
	values (142, 'Philip', 'Zhao', 'male', '20/9/2003');
insert into nhanVat (IDNhanVat, tenNhanVat, gioiTinh, IDDienVien, IDFilm)
	values (81, 'Sho', 'male', 142, 20);

insert into thongTinCaNhan (IDCaNhan, ten, ho, gioiTinh, ngaySinh)
	values (143, 'Win', 'Morisaki', 'male', '23/8/1990');
insert into nhanVat (IDNhanVat, tenNhanVat, gioiTinh, IDDienVien, IDFilm)
	values (82, 'Daito', 'male', 143, 20);



insert into thongTinCaNhan (IDCaNhan, ten, ho, gioiTinh, ngaySinh)
	values (144, 'Michael', 'Stahl-David', 'male', '28/10/1982');
insert into nhanVat (IDNhanVat, tenNhanVat, gioiTinh, IDDienVien, IDFilm)
	values (83, 'Robert "Rob" Hawkins', 'male', 144, 21);

insert into thongTinCaNhan (IDCaNhan, ten, ho, gioiTinh, ngaySinh)
	values (145, 'Jessica', 'Lucas', 'female', '24/9/1985');
insert into nhanVat (IDNhanVat, tenNhanVat, gioiTinh, IDDienVien, IDFilm)
	values (84, 'Lily Ford', 'female', 145, 21);

insert into thongTinCaNhan (IDCaNhan, ten, ho, gioiTinh, ngaySinh)
	values (146, 'T.J.', 'Miller', 'male', '4/6/1981');
insert into nhanVat (IDNhanVat, tenNhanVat, gioiTinh, IDDienVien, IDFilm)
	values (85, 'Hudson "Hud" Platt', 'male', 146, 21);

insert into thongTinCaNhan (IDCaNhan, ten, ho, gioiTinh, ngaySinh)
	values (147, 'Odette', 'Yustman', 'female', '10/5/1985');
insert into nhanVat (IDNhanVat, tenNhanVat, gioiTinh, IDDienVien, IDFilm)
	values (86, 'Beth McIntyre', 'female', 147, 21);



insert into thongTinCaNhan (IDCaNhan, ten, ho, gioiTinh, ngaySinh)
	values (148, 'Asa', 'Butterfield', 'male', '1/4/1997');
insert into nhanVat (IDNhanVat, tenNhanVat, gioiTinh, IDDienVien, IDFilm)
	values (87, 'Bruno', 'male', 148, 22);

insert into thongTinCaNhan (IDCaNhan, ten, ho, gioiTinh, ngaySinh)
	values (149, 'Jack', 'Scanlon', 'male', '6/8/1998');
insert into nhanVat (IDNhanVat, tenNhanVat, gioiTinh, IDDienVien, IDFilm)
	values (88, 'Shmuel', 'male', 149, 22);

insert into thongTinCaNhan (IDCaNhan, ten, ho, gioiTinh, ngaySinh)
	values (150, 'Vera', 'Farmiga', 'female', '6/8/1973');
insert into nhanVat (IDNhanVat, tenNhanVat, gioiTinh, IDDienVien, IDFilm)
	values (89, 'Elsa', 'female', 150, 22);

insert into thongTinCaNhan (IDCaNhan, ten, ho, gioiTinh, ngaySinh)
	values (151, 'David', 'Thewlis', 'male', '20/3/1963');
insert into nhanVat (IDNhanVat, tenNhanVat, gioiTinh, IDDienVien, IDFilm)
	values (90, 'Ralf', 'male', 151, 22);



insert into thongTinCaNhan (IDCaNhan, ten, ho, gioiTinh, ngaySinh)
	values (152, 'Song', 'Kang-ho', 'male', '17/1/1967');
insert into nhanVat (IDNhanVat, tenNhanVat, gioiTinh, IDDienVien, IDFilm)
	values (91, 'Detective Park Doo-man', 'male', 152, 23);

insert into thongTinCaNhan (IDCaNhan, ten, ho, gioiTinh, ngaySinh)
	values (153, 'Kim', 'Sang-kyung', 'male', '1/6/1972');
insert into nhanVat (IDNhanVat, tenNhanVat, gioiTinh, IDDienVien, IDFilm)
	values (92, 'Detective Seo Tae-yoon', 'male', 153, 23);

insert into thongTinCaNhan (IDCaNhan, ten, ho, gioiTinh, ngaySinh)
	values (154, 'Park', 'No-shik', 'male', '15/3/1960');
insert into nhanVat (IDNhanVat, tenNhanVat, gioiTinh, IDDienVien, IDFilm)
	values (93, 'Detective Cho Yong-koo', 'male', 154, 23);

insert into thongTinCaNhan (IDCaNhan, ten, ho, gioiTinh, ngaySinh)
	values (155, 'Byun', 'Hee-bong', 'male', '8/6/1942');
insert into nhanVat (IDNhanVat, tenNhanVat, gioiTinh, IDDienVien, IDFilm)
	values (94, 'Sergeant Shin Dong-chul', 'male', 155, 23);

insert into thongTinCaNhan (IDCaNhan, ten, ho, gioiTinh, ngaySinh)
	values (156, 'Ko', 'Seo-hie', 'female', '1/1/1970');
insert into nhanVat (IDNhanVat, tenNhanVat, gioiTinh, IDDienVien, IDFilm)
	values (95, 'Officer Kwon Kwi-ok', 'female', 156, 23);

insert into thongTinCaNhan (IDCaNhan, ten, ho, gioiTinh, ngaySinh)
	values (157, 'Kim', 'Roe-ha', 'male', '15/11/1965');
insert into nhanVat (IDNhanVat, tenNhanVat, gioiTinh, IDDienVien, IDFilm)
	values (96, 'Baek Kwang-ho', 'male', 157, 23);



insert into thongTinCaNhan (IDCaNhan, ten, ho, gioiTinh, ngaySinh)
	values (158, 'Michelle', 'Yeoh', 'female', '06/08/1962');
insert into nhanVat (IDNhanVat, tenNhanVat, gioiTinh, IDDienVien, IDFilm)
	values (97, 'Evelyn Wang', 'female', 158, 24);

insert into thongTinCaNhan (IDCaNhan, ten, ho, gioiTinh, ngaySinh)
	values (159, 'Stephanie', 'Hsu', 'female', '25/11/1990');
insert into nhanVat (IDNhanVat, tenNhanVat, gioiTinh, IDDienVien, IDFilm)
	values (98, 'Joy Wang / Jobu Tupaki', 'female', 159, 24);

insert into thongTinCaNhan (IDCaNhan, ten, ho, gioiTinh, ngaySinh)
	values (160, 'Ke', 'Huy Quan', 'male', '20/08/1971');
insert into nhanVat (IDNhanVat, tenNhanVat, gioiTinh, IDDienVien, IDFilm)
	values (99, 'Waymond Wang', 'male', 160, 24);

insert into thongTinCaNhan (IDCaNhan, ten, ho, gioiTinh, ngaySinh)
	values (161, 'James', 'Hong', 'male', '22/02/1929');
insert into nhanVat (IDNhanVat, tenNhanVat, gioiTinh, IDDienVien, IDFilm)
	values (100, 'Gong Gong', 'male', 161, 24);

insert into thongTinCaNhan (IDCaNhan, ten, ho, gioiTinh, ngaySinh)
	values (162, 'Jamie Lee', 'Curtis', 'female', '22/11/1958');
insert into nhanVat (IDNhanVat, tenNhanVat, gioiTinh, IDDienVien, IDFilm)
	values (101, 'Deirdre Beaubeirdre', 'female', 162, 24);



insert into thongTinCaNhan (IDCaNhan, ten, ho, gioiTinh, ngaySinh)
	values (163, 'Elijah', 'Wood', 'male', '28/1/1981');
insert into nhanVat (IDNhanVat, tenNhanVat, gioiTinh, IDDienVien, IDFilm)
	values (102, 'Frodo Baggins', 'male', 163, 25);

insert into thongTinCaNhan (IDCaNhan, ten, ho, gioiTinh, ngaySinh)
	values (164, 'Ian', 'McKellen', 'male', '25/5/1939');
insert into nhanVat (IDNhanVat, tenNhanVat, gioiTinh, IDDienVien, IDFilm)
	values (103, 'Gandalf', 'male', 164, 25);

insert into thongTinCaNhan (IDCaNhan, ten, ho, gioiTinh, ngaySinh)
	values (165, 'Viggo', 'Mortensen', 'male', '20/10/1958');
insert into nhanVat (IDNhanVat, tenNhanVat, gioiTinh, IDDienVien, IDFilm)
	values (104, 'Aragorn', 'male', 165, 25);

insert into thongTinCaNhan (IDCaNhan, ten, ho, gioiTinh, ngaySinh)
	values (166, 'Sean', 'Astin', 'male', '25/2/1971');
insert into nhanVat (IDNhanVat, tenNhanVat, gioiTinh, IDDienVien, IDFilm)
	values (105, 'Samwise Gamgee', 'male', 166, 25);

insert into nhanVat (IDNhanVat, tenNhanVat, gioiTinh, IDDienVien, IDFilm)
	values (102, 'Frodo Baggins', 'male', 163, 26);
insert into nhanVat (IDNhanVat, tenNhanVat, gioiTinh, IDDienVien, IDFilm)
	values (103, 'Gandalf', 'male', 164, 26);
insert into nhanVat (IDNhanVat, tenNhanVat, gioiTinh, IDDienVien, IDFilm)
	values (104, 'Aragorn', 'male', 165, 26);
insert into nhanVat (IDNhanVat, tenNhanVat, gioiTinh, IDDienVien, IDFilm)
	values (105, 'Samwise Gamgee', 'male', 166, 26);

insert into nhanVat (IDNhanVat, tenNhanVat, gioiTinh, IDDienVien, IDFilm)
	values (102, 'Frodo Baggins', 'male', 163, 27);
insert into nhanVat (IDNhanVat, tenNhanVat, gioiTinh, IDDienVien, IDFilm)
	values (103, 'Gandalf', 'male', 164, 27);
insert into nhanVat (IDNhanVat, tenNhanVat, gioiTinh, IDDienVien, IDFilm)
	values (104, 'Aragorn', 'male', 165, 27);
insert into nhanVat (IDNhanVat, tenNhanVat, gioiTinh, IDDienVien, IDFilm)
	values (105, 'Samwise Gamgee', 'male', 166, 27);


insert into thongTinCaNhan (IDCaNhan, ten, ho, gioiTinh, ngaySinh)
	values (167, 'Daniel', 'Radcliffe', 'male', '23/07/1989');
insert into thongTinCaNhan (IDCaNhan, ten, ho, gioiTinh, ngaySinh)
	values (168, 'Emma', 'Watson', 'female', '15/04/1990');
insert into thongTinCaNhan (IDCaNhan, ten, ho, gioiTinh, ngaySinh)
	values (169, 'Rupert', 'Grint', 'male', '24/08/1988');
insert into thongTinCaNhan (IDCaNhan, ten, ho, gioiTinh, ngaySinh)
	values (170, 'Tom', 'Felton', 'male', '22/09/1987');
insert into thongTinCaNhan (IDCaNhan, ten, ho, gioiTinh, ngaySinh)
	values (171, 'Michael', 'Gambon', 'male', '19/10/1940');

insert into nhanVat (IDNhanVat, tenNhanVat, gioiTinh, IDDienVien, IDFilm)
	values (106, 'Harry Potter', 'male', 167, 28);
insert into nhanVat (IDNhanVat, tenNhanVat, gioiTinh, IDDienVien, IDFilm)
	values (106, 'Harry Potter', 'male', 167, 29);
insert into nhanVat (IDNhanVat, tenNhanVat, gioiTinh, IDDienVien, IDFilm)
	values (106, 'Harry Potter', 'male', 167, 30);
insert into nhanVat (IDNhanVat, tenNhanVat, gioiTinh, IDDienVien, IDFilm)
	values (106, 'Harry Potter', 'male', 167, 31);
insert into nhanVat (IDNhanVat, tenNhanVat, gioiTinh, IDDienVien, IDFilm)
	values (106, 'Harry Potter', 'male', 167, 32);
insert into nhanVat (IDNhanVat, tenNhanVat, gioiTinh, IDDienVien, IDFilm)
	values (106, 'Harry Potter', 'male', 167, 33);
insert into nhanVat (IDNhanVat, tenNhanVat, gioiTinh, IDDienVien, IDFilm)
	values (106, 'Harry Potter', 'male', 167, 34);
insert into nhanVat (IDNhanVat, tenNhanVat, gioiTinh, IDDienVien, IDFilm)
	values (106, 'Harry Potter', 'male', 167, 35);

insert into nhanVat (IDNhanVat, tenNhanVat, gioiTinh, IDDienVien, IDFilm)
	values (107, 'Hermione Granger', 'female', 168, 28);
insert into nhanVat (IDNhanVat, tenNhanVat, gioiTinh, IDDienVien, IDFilm)
	values (107, 'Hermione Granger', 'female', 168, 29);
insert into nhanVat (IDNhanVat, tenNhanVat, gioiTinh, IDDienVien, IDFilm)
	values (107, 'Hermione Granger', 'female', 168, 30);
insert into nhanVat (IDNhanVat, tenNhanVat, gioiTinh, IDDienVien, IDFilm)
	values (107, 'Hermione Granger', 'female', 168, 31);
insert into nhanVat (IDNhanVat, tenNhanVat, gioiTinh, IDDienVien, IDFilm)
	values (107, 'Hermione Granger', 'female', 168, 32);
insert into nhanVat (IDNhanVat, tenNhanVat, gioiTinh, IDDienVien, IDFilm)
	values (107, 'Hermione Granger', 'female', 168, 33);
insert into nhanVat (IDNhanVat, tenNhanVat, gioiTinh, IDDienVien, IDFilm)
	values (107, 'Hermione Granger', 'female', 168, 34);
insert into nhanVat (IDNhanVat, tenNhanVat, gioiTinh, IDDienVien, IDFilm)
	values (107, 'Hermione Granger', 'female', 168, 35);

insert into nhanVat (IDNhanVat, tenNhanVat, gioiTinh, IDDienVien, IDFilm)
	values (108, 'Ron Weasley', 'male', 169, 28);
insert into nhanVat (IDNhanVat, tenNhanVat, gioiTinh, IDDienVien, IDFilm)
	values (108, 'Ron Weasley', 'male', 169, 29);
insert into nhanVat (IDNhanVat, tenNhanVat, gioiTinh, IDDienVien, IDFilm)
	values (108, 'Ron Weasley', 'male', 169, 30);
insert into nhanVat (IDNhanVat, tenNhanVat, gioiTinh, IDDienVien, IDFilm)
	values (108, 'Ron Weasley', 'male', 169, 31);
insert into nhanVat (IDNhanVat, tenNhanVat, gioiTinh, IDDienVien, IDFilm)
	values (108, 'Ron Weasley', 'male', 169, 32);
insert into nhanVat (IDNhanVat, tenNhanVat, gioiTinh, IDDienVien, IDFilm)
	values (108, 'Ron Weasley', 'male', 169, 33);
insert into nhanVat (IDNhanVat, tenNhanVat, gioiTinh, IDDienVien, IDFilm)
	values (108, 'Ron Weasley', 'male', 169, 34);
insert into nhanVat (IDNhanVat, tenNhanVat, gioiTinh, IDDienVien, IDFilm)
	values (108, 'Ron Weasley', 'male', 169, 35);

insert into nhanVat (IDNhanVat, tenNhanVat, gioiTinh, IDDienVien, IDFilm)
	values (109, 'Draco Malfoy', 'male', 170, 28);
insert into nhanVat (IDNhanVat, tenNhanVat, gioiTinh, IDDienVien, IDFilm)
	values (109, 'Draco Malfoy', 'male', 170, 29);
insert into nhanVat (IDNhanVat, tenNhanVat, gioiTinh, IDDienVien, IDFilm)
	values (109, 'Draco Malfoy', 'male', 170, 30);
insert into nhanVat (IDNhanVat, tenNhanVat, gioiTinh, IDDienVien, IDFilm)
	values (109, 'Draco Malfoy', 'male', 170, 31);
insert into nhanVat (IDNhanVat, tenNhanVat, gioiTinh, IDDienVien, IDFilm)
	values (109, 'Draco Malfoy', 'male', 170, 32);
insert into nhanVat (IDNhanVat, tenNhanVat, gioiTinh, IDDienVien, IDFilm)
	values (109, 'Draco Malfoy', 'male', 170, 33);
insert into nhanVat (IDNhanVat, tenNhanVat, gioiTinh, IDDienVien, IDFilm)
	values (109, 'Draco Malfoy', 'male', 170, 34);
insert into nhanVat (IDNhanVat, tenNhanVat, gioiTinh, IDDienVien, IDFilm)
	values (109, 'Draco Malfoy', 'male', 170, 35);

insert into nhanVat (IDNhanVat, tenNhanVat, gioiTinh, IDDienVien, IDFilm)
	values (110, 'Albus Dumbledore', 'male', 171, 28);
insert into nhanVat (IDNhanVat, tenNhanVat, gioiTinh, IDDienVien, IDFilm)
	values (110, 'Albus Dumbledore', 'male', 171, 29);
insert into nhanVat (IDNhanVat, tenNhanVat, gioiTinh, IDDienVien, IDFilm)
	values (110, 'Albus Dumbledore', 'male', 171, 30);
insert into nhanVat (IDNhanVat, tenNhanVat, gioiTinh, IDDienVien, IDFilm)
	values (110, 'Albus Dumbledore', 'male', 171, 31);
insert into nhanVat (IDNhanVat, tenNhanVat, gioiTinh, IDDienVien, IDFilm)
	values (110, 'Albus Dumbledore', 'male', 171, 32);
insert into nhanVat (IDNhanVat, tenNhanVat, gioiTinh, IDDienVien, IDFilm)
	values (110, 'Albus Dumbledore', 'male', 171, 33);
insert into nhanVat (IDNhanVat, tenNhanVat, gioiTinh, IDDienVien, IDFilm)
	values (110, 'Albus Dumbledore', 'male', 171, 34);
insert into nhanVat (IDNhanVat, tenNhanVat, gioiTinh, IDDienVien, IDFilm)
	values (110, 'Albus Dumbledore', 'male', 171, 35);



insert into thongTinCaNhan (IDCaNhan, ten, ho, gioiTinh, ngaySinh)
	values (172, 'Dylan', 'O Brien', 'male', '26/08/1991');
insert into thongTinCaNhan (IDCaNhan, ten, ho, gioiTinh, ngaySinh)
	values (173, 'Kaya', 'Scodelario', 'female', '13/03/1992');
insert into thongTinCaNhan (IDCaNhan, ten, ho, gioiTinh, ngaySinh)
	values (174, 'Thomas', 'Brodie-Sangster', 'male', '16/05/1990');
insert into thongTinCaNhan (IDCaNhan, ten, ho, gioiTinh, ngaySinh)
	values (175, 'Ki', 'Hong Lee', 'male', '30/09/1986');
insert into thongTinCaNhan (IDCaNhan, ten, ho, gioiTinh, ngaySinh)
	values (176, 'Rosa', 'Salazar', 'female', '16/07/1985');

insert into nhanVat (IDNhanVat, tenNhanVat, gioiTinh, IDDienVien, IDFilm)
	values (111, 'Thomas', 'male', 172, 36);
insert into nhanVat (IDNhanVat, tenNhanVat, gioiTinh, IDDienVien, IDFilm)
	values (112, 'Teresa Agnes', 'female', 173, 36);
insert into nhanVat (IDNhanVat, tenNhanVat, gioiTinh, IDDienVien, IDFilm)
	values (113, 'Newt', 'male', 174, 36);
insert into nhanVat (IDNhanVat, tenNhanVat, gioiTinh, IDDienVien, IDFilm)
	values (114, 'Minho', 'male', 175, 36);

insert into nhanVat (IDNhanVat, tenNhanVat, gioiTinh, IDDienVien, IDFilm)
	values (111, 'Thomas', 'male', 172, 37);
insert into nhanVat (IDNhanVat, tenNhanVat, gioiTinh, IDDienVien, IDFilm)
	values (112, 'Teresa Agnes', 'female', 173, 37);
insert into nhanVat (IDNhanVat, tenNhanVat, gioiTinh, IDDienVien, IDFilm)
	values (113, 'Newt', 'male', 174, 37);
insert into nhanVat (IDNhanVat, tenNhanVat, gioiTinh, IDDienVien, IDFilm)
	values (114, 'Minho', 'male', 175, 37);
insert into nhanVat (IDNhanVat, tenNhanVat, gioiTinh, IDDienVien, IDFilm)
	values (115, 'Brenda', 'female', 176, 37);

insert into nhanVat (IDNhanVat, tenNhanVat, gioiTinh, IDDienVien, IDFilm)
	values (111, 'Thomas', 'male', 172, 38);
insert into nhanVat (IDNhanVat, tenNhanVat, gioiTinh, IDDienVien, IDFilm)
	values (112, 'Teresa Agnes', 'female', 173, 38);
insert into nhanVat (IDNhanVat, tenNhanVat, gioiTinh, IDDienVien, IDFilm)
	values (113, 'Newt', 'male', 174, 38);
insert into nhanVat (IDNhanVat, tenNhanVat, gioiTinh, IDDienVien, IDFilm)
	values (114, 'Minho', 'male', 175, 38);
insert into nhanVat (IDNhanVat, tenNhanVat, gioiTinh, IDDienVien, IDFilm)
	values (115, 'Brenda', 'female', 176, 38);



insert into thongTinCaNhan (IDCaNhan, ten, ho, gioiTinh, ngaySinh)
	values (177, 'Brad', 'Pitt', 'male', '18/12/1963');
insert into nhanVat (IDNhanVat, tenNhanVat, gioiTinh, IDDienVien, IDFilm)
	values (116, 'Lt. Aldo Raine', 'male', 177, 39);

insert into thongTinCaNhan (IDCaNhan, ten, ho, gioiTinh, ngaySinh)
	values (178, 'Christoph', 'Waltz', 'male', '04/10/1956');
insert into nhanVat (IDNhanVat, tenNhanVat, gioiTinh, IDDienVien, IDFilm)
	values (117, 'Col. Hans Landa', 'male', 178, 39);

insert into thongTinCaNhan (IDCaNhan, ten, ho, gioiTinh, ngaySinh)
	values (179, 'Mélanie', 'Laurent', 'female', '21/02/1983');
insert into nhanVat (IDNhanVat, tenNhanVat, gioiTinh, IDDienVien, IDFilm)
	values (118, 'Shosanna Dreyfus', 'female', 179, 39);



insert into thongTinCaNhan (IDCaNhan, ten, ho, gioiTinh, ngaySinh)
	values (180, 'Mary Elizabeth', 'Winstead', 'female', '28/11/1984');
insert into nhanVat (IDNhanVat, tenNhanVat, gioiTinh, IDDienVien, IDFilm)
	values (119, 'Kate Lloyd', 'female', 180, 40);

insert into thongTinCaNhan (IDCaNhan, ten, ho, gioiTinh, ngaySinh)
	values (181, 'Joel', 'Edgerton', 'male', '23/06/1974');
insert into nhanVat (IDNhanVat, tenNhanVat, gioiTinh, IDDienVien, IDFilm)
	values (120, 'Sam Carter', 'male', 181, 40);



insert into thongTinCaNhan (IDCaNhan, ten, ho, gioiTinh, ngaySinh)
	values (182, 'Ethan', 'Hawke', 'male', '06/11/1970');
insert into nhanVat (IDNhanVat, tenNhanVat, gioiTinh, IDDienVien, IDFilm)
	values (121, 'The Barkeep', 'male', 182, 41);

insert into thongTinCaNhan (IDCaNhan, ten, ho, gioiTinh, ngaySinh)
	values (183, 'Sarah', 'Snook', 'female', '01/12/1987');
insert into nhanVat (IDNhanVat, tenNhanVat, gioiTinh, IDDienVien, IDFilm)
	values (122, 'The Unmarried Mother', 'female', 183, 41);



insert into thongTinCaNhan (IDCaNhan, ten, ho, gioiTinh, ngaySinh)
	values (184, 'Chris', 'Pratt', 'male', '21/06/1979');
insert into nhanVat (IDNhanVat, tenNhanVat, gioiTinh, IDDienVien, IDFilm)
	values (123, 'Owen Grady', 'male', 184, 42);

insert into thongTinCaNhan (IDCaNhan, ten, ho, gioiTinh, ngaySinh)
	values (185, 'Bryce Dallas', 'Howard', 'female', '02/03/1981');
insert into nhanVat (IDNhanVat, tenNhanVat, gioiTinh, IDDienVien, IDFilm)
	values (124, 'Claire Dearing', 'female', 185, 42);



insert into nhanVat (IDNhanVat, tenNhanVat, gioiTinh, IDDienVien, IDFilm)
	values (125, 'Peter Quill / Star-Lord', 'male', 184, 43);

insert into thongTinCaNhan (IDCaNhan, ten, ho, gioiTinh, ngaySinh)
	values (187, 'Zoe', 'Saldana', 'female', '19/06/1978');
insert into nhanVat (IDNhanVat, tenNhanVat, gioiTinh, IDDienVien, IDFilm)
	values (126, 'Gamora', 'female', 187, 43);

insert into thongTinCaNhan (IDCaNhan, ten, ho, gioiTinh, ngaySinh)
	values (188, 'Dave', 'Bautista', 'male', '18/01/1969');
insert into nhanVat (IDNhanVat, tenNhanVat, gioiTinh, IDDienVien, IDFilm)
	values (127, 'Drax the Destroyer', 'male', 188, 43);



insert into thongTinCaNhan (IDCaNhan, ten, ho, gioiTinh, ngaySinh)
	values (189, 'Robert', 'Downey Jr.', 'male', '04/04/1965');
insert into nhanVat (IDNhanVat, tenNhanVat, gioiTinh, IDDienVien, IDFilm)
	values (128, 'Tony Stark / Iron Man', 'male', 189, 44);

insert into thongTinCaNhan (IDCaNhan, ten, ho, gioiTinh, ngaySinh)
	values (190, 'Chris', 'Evans', 'male', '13/06/1981');
insert into nhanVat (IDNhanVat, tenNhanVat, gioiTinh, IDDienVien, IDFilm)
	values (129, 'Steve Rogers / Captain America', 'male', 190, 44);

insert into nhanVat (IDNhanVat, tenNhanVat, gioiTinh, IDDienVien, IDFilm)
	values (130, 'Natasha Romanoff / Black Widow', 'female', 106, 44);

insert into thongTinCaNhan (IDCaNhan, ten, ho, gioiTinh, ngaySinh)
	values (192, 'Josh', 'Brolin', 'male', '12/02/1968');
insert into nhanVat (IDNhanVat, tenNhanVat, gioiTinh, IDDienVien, IDFilm)
	values (131, 'Thanos', 'male', 192, 44);


insert into nhanVat (IDNhanVat, tenNhanVat, gioiTinh, IDDienVien, IDFilm)
	values (128, 'Tony Stark / Iron Man', 'male', 189, 45);
insert into nhanVat (IDNhanVat, tenNhanVat, gioiTinh, IDDienVien, IDFilm)
	values (129, 'Steve Rogers / Captain America', 'male', 190, 45);
insert into nhanVat (IDNhanVat, tenNhanVat, gioiTinh, IDDienVien, IDFilm)
	values (130, 'Natasha Romanoff / Black Widow', 'female', 106, 45);
insert into nhanVat (IDNhanVat, tenNhanVat, gioiTinh, IDDienVien, IDFilm)
	values (131, 'Thanos', 'male', 192, 45);

insert into thongTinCaNhan (IDCaNhan, ten, ho, gioiTinh, ngaySinh)
	values (193, 'Chris', 'Hemsworth', 'male', '11/08/1983');
insert into nhanVat (IDNhanVat, tenNhanVat, gioiTinh, IDDienVien, IDFilm)
	values (132, 'Thor', 'male', 193, 44);
insert into nhanVat (IDNhanVat, tenNhanVat, gioiTinh, IDDienVien, IDFilm)
	values (132, 'Thor', 'male', 193, 45);

insert into nhanVat (IDNhanVat, tenNhanVat, gioiTinh, IDDienVien, IDFilm)
	values (133, 'Bruce Banner / Hulk', 'male', 118, 45);
insert into nhanVat (IDNhanVat, tenNhanVat, gioiTinh, IDDienVien, IDFilm)
	values (133, 'Bruce Banner / Hulk', 'male', 118, 46);


insert into thongTinCaNhan (IDCaNhan, ten, ho, gioiTinh, ngaySinh)
	values (195, 'Timothée', 'Chalamet', 'male', '27/12/1995');
insert into nhanVat (IDNhanVat, tenNhanVat, gioiTinh, IDDienVien, IDFilm)
	values (134, 'Elio Perlman', 'male', 195, 46);

insert into thongTinCaNhan (IDCaNhan, ten, ho, gioiTinh, ngaySinh)
	values (196, 'Armie', 'Hammer', 'male', '28/08/1986');
insert into nhanVat (IDNhanVat, tenNhanVat, gioiTinh, IDDienVien, IDFilm)
	values (135, 'Oliver', 'male', 196, 46);

insert into thongTinCaNhan (IDCaNhan, ten, ho, gioiTinh, ngaySinh)
	values (197, 'Michael', 'Stuhlbarg', 'male', '05/07/1968');
insert into nhanVat (IDNhanVat, tenNhanVat, gioiTinh, IDDienVien, IDFilm)
	values (136, 'Mr. Perlman', 'male', 197, 46);

insert into thongTinCaNhan (IDCaNhan, ten, ho, gioiTinh, ngaySinh)
	values (198, 'Amira', 'Casar', 'female', '01/05/1971');
insert into nhanVat (IDNhanVat, tenNhanVat, gioiTinh, IDDienVien, IDFilm)
	values (137, 'Annella Perlman', 'female', 198, 46);


insert into thongTinCaNhan (IDCaNhan, ten, ho, gioiTinh, ngaySinh)
	values (199, 'Emily', 'Blunt', 'female', '23/02/1983');
insert into thongTinCaNhan (IDCaNhan, ten, ho, gioiTinh, ngaySinh)
	values (201, 'Millicent', 'Simmonds', 'female', '01/03/2003');
insert into thongTinCaNhan (IDCaNhan, ten, ho, gioiTinh, ngaySinh)
	values (202, 'Noah', 'Jupe', 'male', '25/02/2005');

insert into nhanVat (IDNhanVat, tenNhanVat, gioiTinh, IDDienVien, IDFilm)
	values (138, 'Evelyn Abbott', 'female', 199, 47);
insert into nhanVat (IDNhanVat, tenNhanVat, gioiTinh, IDDienVien, IDFilm)
	values (139, 'Lee Abbott', 'male', 56, 47);
insert into nhanVat (IDNhanVat, tenNhanVat, gioiTinh, IDDienVien, IDFilm)
	values (140, 'Regan Abbott', 'female', 201, 47);
insert into nhanVat (IDNhanVat, tenNhanVat, gioiTinh, IDDienVien, IDFilm)
	values (141, 'Marcus Abbott', 'male', 202, 47);
insert into nhanVat (IDNhanVat, tenNhanVat, gioiTinh, IDDienVien, IDFilm)
	values (138, 'Evelyn Abbott', 'female', 199, 48);
insert into nhanVat (IDNhanVat, tenNhanVat, gioiTinh, IDDienVien, IDFilm)
	values (140, 'Regan Abbott', 'female', 201, 48);
insert into nhanVat (IDNhanVat, tenNhanVat, gioiTinh, IDDienVien, IDFilm)
	values (141, 'Marcus Abbott', 'male', 202, 48);
insert into nhanVat (IDNhanVat, tenNhanVat, gioiTinh, IDDienVien, IDFilm)
	values (142, 'Emmett', 'male', 79, 48);



insert into thongTinCaNhan (IDCaNhan, ten, ho, gioiTinh, ngaySinh)
	values (204, 'Eddie', 'Redmayne', 'male', '06/01/1982');
insert into nhanVat (IDNhanVat, tenNhanVat, gioiTinh, IDDienVien, IDFilm)
	values (143, 'Einar Wegener / Lili Elbe', 'female', 204, 49);

insert into thongTinCaNhan (IDCaNhan, ten, ho, gioiTinh, ngaySinh)
	values (205, 'Alicia', 'Vikander', 'female', '03/10/1988');
insert into nhanVat (IDNhanVat, tenNhanVat, gioiTinh, IDDienVien, IDFilm)
	values (144, 'Gerda Wegener', 'female', 205, 49);

insert into thongTinCaNhan (IDCaNhan, ten, ho, gioiTinh, ngaySinh)
	values (206, 'Amber', 'Heard', 'female', '22/04/1986');
insert into nhanVat (IDNhanVat, tenNhanVat, gioiTinh, IDDienVien, IDFilm)
	values (145, 'Ulla Paulson', 'female', 206, 49);

insert into thongTinCaNhan (IDCaNhan, ten, ho, gioiTinh, ngaySinh)
	values (207, 'Matthias', 'Schoenaerts', 'male', '08/12/1977');
insert into nhanVat (IDNhanVat, tenNhanVat, gioiTinh, IDDienVien, IDFilm)
	values (146, 'Hans Axgil', 'male', 207, 49);



insert into thongTinCaNhan (IDCaNhan, ten, ho, gioiTinh, ngaySinh)
	values (208, 'Tom', 'Cruise', 'male', '03/07/1962');
insert into nhanVat (IDNhanVat, tenNhanVat, gioiTinh, IDDienVien, IDFilm)
	values (147, 'Ray Ferrier', 'male', 208, 50);

insert into thongTinCaNhan (IDCaNhan, ten, ho, gioiTinh, ngaySinh)
	values (209, 'Dakota', 'Fanning', 'female', '23/02/1994');
insert into nhanVat (IDNhanVat, tenNhanVat, gioiTinh, IDDienVien, IDFilm)
	values (148, 'Rachel Ferrier', 'female', 209, 50);

insert into thongTinCaNhan (IDCaNhan, ten, ho, gioiTinh, ngaySinh)
	values (210, 'Justin', 'Chatwin', 'male', '31/10/1982');
insert into nhanVat (IDNhanVat, tenNhanVat, gioiTinh, IDDienVien, IDFilm)
	values (149, 'Robbie Ferrier', 'male', 210, 50);

insert into thongTinCaNhan (IDCaNhan, ten, ho, gioiTinh, ngaySinh)
	values (211, 'Tim', 'Robbins', 'male', '16/10/1958');
insert into nhanVat (IDNhanVat, tenNhanVat, gioiTinh, IDDienVien, IDFilm)
	values (150, 'Harlan Ogilvy', 'male', 211, 50);
